Scenario_ID,Escenario,CAPACIDAD_BODEGA,STOCK_INICIAL,PUNTO_REORDEN,CANTIDAD_REABASTECIMIENTO,TIEMPO_ENTRE_LLEGADAS,TAMANO_PEDIDO,LEAD_TIME_PROVEEDOR,TIEMPO_SIMULACION,STOCK_INICIAL_RATIO,PUNTO_REORDEN_RATIO,CANTIDAD_REABASTECIMIENTO_RATIO,Demanda_Diaria_Esperada,Cobertura_Inicial_Dias,Cobertura_ROP_Dias,Cobertura_Q_Dias,Brecha_LeadTime_Dias,Categoria_Riesgo,Replicas,Nivel_Servicio_mean,Nivel_Servicio_std,Nivel_Servicio_min,Nivel_Servicio_p05,Nivel_Servicio_p95,Fill_Rate_Unidades_mean,Ventas_Perdidas_mean,Ventas_Perdidas_max,Unidades_Perdidas_mean,Prob_Ruptura,Costo_Total_mean,Costo_Total_std,Costo_Total_p50,Costo_Total_p95,Costo_Total_CVaR95,Inventario_Promedio_mean,Ordenes_Proveedor_mean,Unidades_Vendidas_mean,Total_Solicitudes_mean
SCN-0011,Baja demanda / Lento proveedor / Ajustada,8000,1440,800,1760,1.8,120,3.0,120,0.18,0.1,0.22,66.6667,21.6,12.0,26.4,9.0,Bajo,3,100.0,0.0,100.0,100.0,100.0,100.0,0.0,0,0.0,0.0,30615.3342,1478.5189,29973.5285,32073.026,32306.3035,1441.5927,4.6667,8076.0,69.0
SCN-0015,Media demanda / Lento proveedor / Ajustada,8000,1440,800,1760,1.8,220,3.0,120,0.18,0.1,0.22,122.2222,11.7818,6.5455,14.4,3.5455,Bajo,3,99.4033,1.0335,98.21,98.389,100.0,99.3666,0.3333,1,75.6667,33.3333,32882.118,1377.1048,33540.58,33779.7978,33806.3775,1395.0066,7.0,12088.3333,56.6667
SCN-0075,Baja demanda / Lento proveedor / Ajustada,8000,2800,800,1760,1.8,120,3.0,120,0.35,0.1,0.22,66.6667,42.0,12.0,26.4,9.0,Bajo,3,100.0,0.0,100.0,100.0,100.0,100.0,0.0,0,0.0,0.0,32898.215,1899.3764,33905.695,34064.0036,34081.5935,1605.4564,4.0,8141.6667,68.6667
SCN-0009,Baja demanda / Rapido proveedor / Ajustada,8000,1440,800,1760,1.8,120,1.0,120,0.18,0.1,0.22,66.6667,21.6,12.0,26.4,11.0,Bajo,3,100.0,0.0,100.0,100.0,100.0,100.0,0.0,0,0.0,0.0,33189.493,1424.0207,33379.043,34396.2252,34509.2455,1621.6385,4.0,7333.3333,61.3333
SCN-0003,Media demanda / Lento proveedor / Ajustada,8000,1440,800,1760,0.9,120,3.0,120,0.18,0.1,0.22,133.3333,10.8,6.0,13.2,3.0,Bajo,3,99.2367,1.3221,97.71,97.939,100.0,99.1396,1.0,3,137.6667,33.3333,33743.1488,2173.0594,32524.2435,35879.2657,36252.046,1285.6564,9.0,15687.0,131.6667
SCN-0067,Media demanda / Lento proveedor / Ajustada,8000,2800,800,1760,0.9,120,3.0,120,0.35,0.1,0.22,133.3333,21.0,6.0,13.2,3.0,Bajo,3,99.53,0.8141,98.59,98.731,100.0,99.5388,0.6667,2,78.3333,33.3333,34621.7803,1798.3646,33688.0135,36394.2617,36694.956,1407.1359,8.3333,15947.6667,134.3333
SCN-0073,Baja demanda / Rapido proveedor / Ajustada,8000,2800,800,1760,1.8,120,1.0,120,0.35,0.1,0.22,66.6667,42.0,12.0,26.4,11.0,Bajo,3,100.0,0.0,100.0,100.0,100.0,100.0,0.0,0,0.0,0.0,34923.9465,1122.901,35288.971,35765.9247,35818.9195,1717.997,4.0,8157.6667,68.0
SCN-0077,Media demanda / Rapido proveedor / Ajustada,8000,2800,800,1760,1.8,220,1.0,120,0.35,0.1,0.22,122.2222,22.9091,6.5455,14.4,5.5455,Bajo,3,100.0,0.0,100.0,100.0,100.0,100.0,0.0,0,0.0,0.0,35749.2273,2977.9277,36666.1085,38011.4209,38160.9,1578.6608,7.3333,14246.3333,65.6667
SCN-0001,Media demanda / Rapido proveedor / Ajustada,8000,1440,800,1760,0.9,120,1.0,120,0.18,0.1,0.22,133.3333,10.8,6.0,13.2,5.0,Bajo,3,100.0,0.0,100.0,100.0,100.0,100.0,0.0,0,0.0,0.0,36021.8792,931.0284,36097.2335,36831.3698,36912.9405,1519.734,8.6667,15277.0,129.0
SCN-0065,Media demanda / Rapido proveedor / Ajustada,8000,2800,800,1760,0.9,120,1.0,120,0.35,0.1,0.22,133.3333,21.0,6.0,13.2,5.0,Bajo,3,100.0,0.0,100.0,100.0,100.0,100.0,0.0,0,0.0,0.0,36301.4563,234.1541,36274.7925,36520.5001,36547.801,1553.7846,8.3333,15861.6667,133.6667
SCN-0013,Media demanda / Rapido proveedor / Ajustada,8000,1440,800,1760,1.8,220,1.0,120,0.18,0.1,0.22,122.2222,11.7818,6.5455,14.4,5.5455,Bajo,3,100.0,0.0,100.0,100.0,100.0,100.0,0.0,0,0.0,0.0,36364.5652,472.5758,36513.3495,36721.6941,36744.8435,1538.7721,8.6667,15380.0,70.3333
SCN-0079,Media demanda / Lento proveedor / Ajustada,8000,2800,800,1760,1.8,220,3.0,120,0.35,0.1,0.22,122.2222,22.9091,6.5455,14.4,3.5455,Bajo,3,97.5867,1.8506,95.45,95.768,98.675,97.5255,2.0,4,436.6667,100.0,37126.0427,3826.107,36200.098,40817.1417,41330.1465,1349.9653,8.3333,16463.0,79.0
SCN-0095,Media demanda / Lento proveedor / Ajustada,8000,2800,800,3600,1.8,220,3.0,120,0.35,0.1,0.45,122.2222,22.9091,6.5455,29.4545,3.5455,Bajo,3,100.0,0.0,100.0,100.0,100.0,100.0,0.0,0,0.0,0.0,42733.936,478.2944,42993.9325,43022.719,43025.9175,2151.8853,4.0,13689.3333,62.0
SCN-0027,Baja demanda / Lento proveedor / Ajustada,8000,1440,800,3600,1.8,120,3.0,120,0.18,0.1,0.45,66.6667,21.6,12.0,54.0,9.0,Bajo,3,100.0,0.0,100.0,100.0,100.0,100.0,0.0,0,0.0,0.0,42758.0722,1424.9252,42320.472,44147.477,44350.4775,2227.3003,2.6667,8453.6667,72.3333
SCN-0069,Alta demanda / Rapido proveedor / Ajustada,8000,2800,800,1760,0.9,220,1.0,120,0.35,0.1,0.22,244.4444,11.4545,3.2727,7.2,2.2727,Bajo,3,99.2233,0.105,99.12,99.13,99.319,99.1656,1.0,1,234.0,100.0,43184.6307,2225.5653,43128.823,45206.6998,45437.575,1396.998,15.6667,28393.6667,130.6667
SCN-0019,Media demanda / Lento proveedor / Ajustada,8000,1440,800,3600,0.9,120,3.0,120,0.18,0.1,0.45,133.3333,10.8,6.0,27.0,3.0,Bajo,3,100.0,0.0,100.0,100.0,100.0,100.0,0.0,0,0.0,0.0,43374.053,1174.0509,43987.007,44101.9919,44114.768,2131.8918,5.0,17478.6667,145.0
SCN-0131,Media demanda / Lento proveedor / Ajustada,12000,2160,1200,2640,0.9,120,3.0,120,0.18,0.1,0.22,133.3333,16.2,9.0,19.8,6.0,Bajo,3,100.0,0.0,100.0,100.0,100.0,100.0,0.0,0,0.0,0.0,44114.9508,590.4803,44256.6855,44585.1671,44621.665,2098.9787,6.3333,16793.3333,142.3333
SCN-0139,Baja demanda / Lento proveedor / Ajustada,12000,2160,1200,2640,1.8,120,3.0,120,0.18,0.1,0.22,66.6667,32.4,18.0,39.6,15.0,Bajo,3,100.0,0.0,100.0,100.0,100.0,100.0,0.0,0,0.0,0.0,44188.28,1981.6171,43950.8445,46045.2102,46277.9175,2288.2378,3.0,7968.3333,66.0
SCN-0091,Baja demanda / Lento proveedor / Ajustada,8000,2800,800,3600,1.8,120,3.0,120,0.35,0.1,0.45,66.6667,42.0,12.0,54.0,9.0,Bajo,3,100.0,0.0,100.0,100.0,100.0,100.0,0.0,0,0.0,0.0,44211.6398,1844.1346,44378.162,45807.9956,45966.866,2326.5726,2.3333,7748.6667,64.3333
SCN-0137,Baja demanda / Rapido proveedor / Ajustada,12000,2160,1200,2640,1.8,120,1.0,120,0.18,0.1,0.22,66.6667,32.4,18.0,39.6,17.0,Bajo,3,100.0,0.0,100.0,100.0,100.0,100.0,0.0,0,0.0,0.0,44578.2002,2213.0068,45377.2325,46190.3721,46280.721,2328.4185,2.6667,6543.0,54.6667
SCN-0143,Media demanda / Lento proveedor / Ajustada,12000,2160,1200,2640,1.8,220,3.0,120,0.18,0.1,0.22,122.2222,17.6727,9.8182,21.6,6.8182,Bajo,3,99.0333,1.6743,97.1,97.39,100.0,98.835,0.6667,2,171.0,33.3333,45080.2443,3924.2228,44024.283,48884.3933,49424.4055,2076.6062,6.0,15332.3333,70.6667
SCN-0089,Baja demanda / Rapido proveedor / Ajustada,8000,2800,800,3600,1.8,120,1.0,120,0.35,0.1,0.45,66.6667,42.0,12.0,54.0,11.0,Bajo,3,100.0,0.0,100.0,100.0,100.0,100.0,0.0,0,0.0,0.0,45796.8718,1136.9654,46250.3445,46598.4451,46637.123,2414.641,2.3333,8554.0,72.0
SCN-0005,Alta demanda / Rapido proveedor / Ajustada,8000,1440,800,1760,0.9,220,1.0,120,0.18,0.1,0.22,244.4444,5.8909,3.2727,7.2,2.2727,Bajo,3,99.0933,0.9943,98.03,98.152,99.925,98.9127,1.3333,3,349.3333,66.6667,45872.3888,4877.9638,44605.0855,50593.5482,51258.933,1411.7253,17.0,29483.0,136.3333
SCN-0083,Media demanda / Lento proveedor / Ajustada,8000,2800,800,3600,0.9,120,3.0,120,0.35,0.1,0.45,133.3333,21.0,6.0,27.0,3.0,Bajo,3,100.0,0.0,100.0,100.0,100.0,100.0,0.0,0,0.0,0.0,46541.8627,518.872,46248.8795,47051.7488,47140.9565,2326.3998,4.6667,16913.0,140.6667
SCN-0093,Media demanda / Rapido proveedor / Ajustada,8000,2800,800,3600,1.8,220,1.0,120,0.35,0.1,0.45,122.2222,22.9091,6.5455,29.4545,5.5455,Bajo,3,100.0,0.0,100.0,100.0,100.0,100.0,0.0,0,0.0,0.0,46599.2107,1810.067,47580.7655,47693.909,47706.4805,2329.5858,4.6667,15522.6667,70.0
SCN-0195,Media demanda / Lento proveedor / Ajustada,12000,4200,1200,2640,0.9,120,3.0,120,0.35,0.1,0.22,133.3333,31.5,9.0,19.8,6.0,Bajo,3,100.0,0.0,100.0,100.0,100.0,100.0,0.0,0,0.0,0.0,46826.4912,767.3021,46695.048,47555.4264,47651.024,2286.6569,5.6667,16839.6667,141.3333
SCN-0199,Alta demanda / Lento proveedor / Ajustada,12000,4200,1200,2640,0.9,220,3.0,120,0.35,0.1,0.22,244.4444,17.1818,4.9091,10.8,1.9091,Bajo,3,99.0533,1.0911,97.86,98.004,99.93,98.9349,1.3333,3,322.0,66.6667,46938.1622,4101.0192,46584.9545,50742.4208,51204.3615,1871.972,10.0,28106.0,132.0
SCN-0031,Media demanda / Lento proveedor / Ajustada,8000,1440,800,3600,1.8,220,3.0,120,0.18,0.1,0.45,122.2222,11.7818,6.5455,29.4545,3.5455,Bajo,3,98.2767,2.9849,94.83,95.347,100.0,98.326,1.0,3,215.6667,33.3333,46950.4097,3501.6291,46713.8755,50179.2657,50564.309,2243.9857,4.3333,13759.6667,62.0
SCN-0207,Media demanda / Lento proveedor / Ajustada,12000,4200,1200,2640,1.8,220,3.0,120,0.35,0.1,0.22,122.2222,34.3636,9.8182,21.6,6.8182,Bajo,3,100.0,0.0,100.0,100.0,100.0,100.0,0.0,0,0.0,0.0,47140.004,2447.8032,47479.984,49208.0389,49400.045,2396.6669,4.0,12592.3333,59.3333
SCN-0203,Baja demanda / Lento proveedor / Ajustada,12000,4200,1200,2640,1.8,120,3.0,120,0.35,0.1,0.22,66.6667,63.0,18.0,39.6,15.0,Bajo,3,100.0,0.0,100.0,100.0,100.0,100.0,0.0,0,0.0,0.0,47792.4038,683.666,47821.9965,48396.9133,48460.793,2525.5039,2.3333,7824.6667,65.6667
SCN-0029,Media demanda / Rapido proveedor / Ajustada,8000,1440,800,3600,1.8,220,1.0,120,0.18,0.1,0.45,122.2222,11.7818,6.5455,29.4545,5.5455,Bajo,3,100.0,0.0,100.0,100.0,100.0,100.0,0.0,0,0.0,0.0,48088.1023,2427.119,48194.3635,50233.7473,50460.3455,2430.8205,4.3333,14567.0,65.3333
SCN-0047,Media demanda / Lento proveedor / Ajustada,8000,1440,1760,1760,1.8,220,3.0,120,0.18,0.22,0.22,122.2222,11.7818,14.4,14.4,11.4,Bajo,3,100.0,0.0,100.0,100.0,100.0,100.0,0.0,0,0.0,0.0,48448.398,2119.1208,49255.735,49966.2414,50045.1865,2191.5777,9.0,14850.3333,67.3333
SCN-0025,Baja demanda / Rapido proveedor / Ajustada,8000,1440,800,3600,1.8,120,1.0,120,0.18,0.1,0.45,66.6667,21.6,12.0,54.0,11.0,Bajo,3,100.0,0.0,100.0,100.0,100.0,100.0,0.0,0,0.0,0.0,48458.2972,3873.4436,48845.5595,51795.7627,52123.563,2543.9795,2.6667,8933.3333,74.0
SCN-0107,Baja demanda / Lento proveedor / Ajustada,8000,2800,1760,1760,1.8,120,3.0,120,0.35,0.22,0.22,66.6667,42.0,26.4,26.4,23.4,Bajo,3,100.0,0.0,100.0,100.0,100.0,100.0,0.0,0,0.0,0.0,48487.7348,1744.5079,48755.9425,49949.9401,50082.6065,2453.0223,4.3333,7890.0,63.6667
SCN-0111,Media demanda / Lento proveedor / Ajustada,8000,2800,1760,1760,1.8,220,3.0,120,0.35,0.22,0.22,122.2222,22.9091,14.4,14.4,11.4,Bajo,3,100.0,0.0,100.0,100.0,100.0,100.0,0.0,0,0.0,0.0,48795.1867,1191.0245,48811.8785,49861.1876,49977.7775,2229.3622,8.6667,15300.3333,68.6667
SCN-0081,Media demanda / Rapido proveedor / Ajustada,8000,2800,800,3600,0.9,120,1.0,120,0.35,0.1,0.45,133.3333,21.0,6.0,27.0,5.0,Bajo,3,100.0,0.0,100.0,100.0,100.0,100.0,0.0,0,0.0,0.0,48873.1325,893.7889,48554.9925,49749.7191,49882.4665,2437.3963,5.0,17742.6667,147.3333
SCN-0017,Media demanda / Rapido proveedor / Ajustada,8000,1440,800,3600,0.9,120,1.0,120,0.18,0.1,0.45,133.3333,10.8,6.0,27.0,5.0,Bajo,3,100.0,0.0,100.0,100.0,100.0,100.0,0.0,0,0.0,0.0,48902.2958,1452.4034,48299.2075,50333.0972,50559.085,2476.0535,4.3333,15196.6667,128.0
SCN-0099,Media demanda / Lento proveedor / Ajustada,8000,2800,1760,1760,0.9,120,3.0,120,0.35,0.22,0.22,133.3333,21.0,13.2,13.2,10.2,Bajo,3,100.0,0.0,100.0,100.0,100.0,100.0,0.0,0,0.0,0.0,49109.54,495.7506,48829.0105,49596.6525,49681.946,2228.3078,9.0,16211.0,137.6667
SCN-0043,Baja demanda / Lento proveedor / Ajustada,8000,1440,1760,1760,1.8,120,3.0,120,0.18,0.22,0.22,66.6667,21.6,26.4,26.4,23.4,Bajo,3,100.0,0.0,100.0,100.0,100.0,100.0,0.0,0,0.0,0.0,49116.6313,573.5557,48850.158,49682.4699,49774.949,2432.4054,5.3333,7592.0,63.0
SCN-0041,Baja demanda / Rapido proveedor / Ajustada,8000,1440,1760,1760,1.8,120,1.0,120,0.18,0.22,0.22,66.6667,21.6,26.4,26.4,25.4,Bajo,3,100.0,0.0,100.0,100.0,100.0,100.0,0.0,0,0.0,0.0,49558.027,1100.3567,50023.853,50316.3521,50348.852,2475.446,5.0,7884.6667,67.3333
SCN-0035,Media demanda / Lento proveedor / Ajustada,8000,1440,1760,1760,0.9,120,3.0,120,0.18,0.22,0.22,133.3333,10.8,13.2,13.2,10.2,Bajo,3,100.0,0.0,100.0,100.0,100.0,100.0,0.0,0,0.0,0.0,49713.1308,549.3779,49582.9055,50242.6194,50315.921,2187.7665,10.3333,17162.0,142.3333
SCN-0141,Media demanda / Rapido proveedor / Ajustada,12000,2160,1200,2640,1.8,220,1.0,120,0.18,0.1,0.22,122.2222,17.6727,9.8182,21.6,8.8182,Bajo,3,100.0,0.0,100.0,100.0,100.0,100.0,0.0,0,0.0,0.0,49812.0422,1924.8507,50417.571,51266.9428,51361.3175,2452.5209,5.6667,14440.6667,65.6667
SCN-0201,Baja demanda / Rapido proveedor / Ajustada,12000,4200,1200,2640,1.8,120,1.0,120,0.35,0.1,0.22,66.6667,63.0,18.0,39.6,17.0,Bajo,3,100.0,0.0,100.0,100.0,100.0,100.0,0.0,0,0.0,0.0,49830.2417,2927.7576,51423.465,51596.6349,51615.876,2620.1986,2.6667,8514.6667,72.0
SCN-0085,Alta demanda / Rapido proveedor / Ajustada,8000,2800,800,3600,0.9,220,1.0,120,0.35,0.1,0.45,244.4444,11.4545,3.2727,14.7273,2.2727,Bajo,3,100.0,0.0,100.0,100.0,100.0,100.0,0.0,0,0.0,0.0,49901.892,2764.0919,48575.3485,52628.8216,53079.2075,2327.8829,8.0,28733.0,131.6667
SCN-0129,Media demanda / Rapido proveedor / Ajustada,12000,2160,1200,2640,0.9,120,1.0,120,0.18,0.1,0.22,133.3333,16.2,9.0,19.8,8.0,Bajo,3,100.0,0.0,100.0,100.0,100.0,100.0,0.0,0,0.0,0.0,50428.2975,925.2266,49902.312,51337.1851,51496.6155,2468.2387,6.0,15915.3333,135.6667
SCN-0193,Media demanda / Rapido proveedor / Ajustada,12000,4200,1200,2640,0.9,120,1.0,120,0.35,0.1,0.22,133.3333,31.5,9.0,19.8,8.0,Bajo,3,100.0,0.0,100.0,100.0,100.0,100.0,0.0,0,0.0,0.0,50483.388,2241.487,51710.221,51830.3111,51843.6545,2471.2994,6.0,17555.3333,146.6667
SCN-0135,Alta demanda / Lento proveedor / Ajustada,12000,2160,1200,2640,0.9,220,3.0,120,0.18,0.1,0.22,244.4444,8.8364,4.9091,10.8,1.9091,Bajo,3,97.5767,2.4661,95.07,95.329,99.766,97.5579,3.3333,7,729.3333,66.6667,50508.4042,6046.0066,51318.1715,55629.6638,56108.7185,1815.2076,10.3333,27470.3333,129.3333
SCN-0105,Baja demanda / Rapido proveedor / Ajustada,8000,2800,1760,1760,1.8,120,1.0,120,0.35,0.22,0.22,66.6667,42.0,26.4,26.4,25.4,Bajo,3,100.0,0.0,100.0,100.0,100.0,100.0,0.0,0,0.0,0.0,50611.5575,1273.7558,51151.784,51488.7296,51526.168,2589.531,4.0,7314.6667,62.0
SCN-0021,Alta demanda / Rapido proveedor / Ajustada,8000,1440,800,3600,0.9,220,1.0,120,0.18,0.1,0.45,244.4444,5.8909,3.2727,14.7273,2.2727,Bajo,3,100.0,0.0,100.0,100.0,100.0,100.0,0.0,0,0.0,0.0,50655.0183,1319.7221,50801.4905,51786.0036,51895.394,2351.2047,8.3333,29349.6667,133.6667
SCN-0197,Alta demanda / Rapido proveedor / Ajustada,12000,4200,1200,2640,0.9,220,1.0,120,0.35,0.1,0.22,244.4444,17.1818,4.9091,10.8,3.9091,Bajo,3,100.0,0.0,100.0,100.0,100.0,100.0,0.0,0,0.0,0.0,51155.235,2060.8083,50948.6905,53075.2533,53311.538,2286.4019,10.0,27471.3333,126.3333
SCN-0205,Media demanda / Rapido proveedor / Ajustada,12000,4200,1200,2640,1.8,220,1.0,120,0.35,0.1,0.22,122.2222,34.3636,9.8182,21.6,8.8182,Bajo,3,100.0,0.0,100.0,100.0,100.0,100.0,0.0,0,0.0,0.0,51262.7865,1289.1895,50961.386,52504.5166,52675.9755,2570.1548,5.0,14170.0,64.6667
SCN-0039,Alta demanda / Lento proveedor / Ajustada,8000,1440,1760,1760,0.9,220,3.0,120,0.18,0.22,0.22,244.4444,5.8909,7.2,7.2,4.2,Bajo,3,99.5567,0.7679,98.67,98.803,100.0,99.5054,0.6667,2,164.3333,33.3333,52138.6628,3312.6669,50502.7335,55406.2179,55951.0495,1842.0738,17.3333,29895.6667,137.3333
SCN-0133,Alta demanda / Rapido proveedor / Ajustada,12000,2160,1200,2640,0.9,220,1.0,120,0.18,0.1,0.22,244.4444,8.8364,4.9091,10.8,3.9091,Bajo,3,100.0,0.0,100.0,100.0,100.0,100.0,0.0,0,0.0,0.0,52302.0692,2046.0838,53004.3995,53814.4832,53904.4925,2313.0779,10.6667,28179.6667,128.6667
SCN-0103,Alta demanda / Lento proveedor / Ajustada,8000,2800,1760,1760,0.9,220,3.0,120,0.35,0.22,0.22,244.4444,11.4545,7.2,7.2,4.2,Bajo,3,99.76,0.4157,99.28,99.352,100.0,99.7262,0.3333,1,83.6667,33.3333,52739.8862,1974.5927,52967.354,54428.54,54590.894,1957.6233,16.6667,29446.0,135.3333
SCN-0109,Media demanda / Rapido proveedor / Ajustada,8000,2800,1760,1760,1.8,220,1.0,120,0.35,0.22,0.22,122.2222,22.9091,14.4,14.4,13.4,Bajo,3,100.0,0.0,100.0,100.0,100.0,100.0,0.0,0,0.0,0.0,53064.5907,2145.0809,53624.261,54749.3506,54874.3605,2522.1069,7.6667,13887.6667,62.6667
SCN-0097,Media demanda / Rapido proveedor / Ajustada,8000,2800,1760,1760,0.9,120,1.0,120,0.35,0.22,0.22,133.3333,21.0,13.2,13.2,12.2,Bajo,3,100.0,0.0,100.0,100.0,100.0,100.0,0.0,0,0.0,0.0,53256.8273,1299.265,53809.781,54150.31,54188.1465,2495.7497,8.3333,14635.0,124.0
SCN-0033,Media demanda / Rapido proveedor / Ajustada,8000,1440,1760,1760,0.9,120,1.0,120,0.18,0.22,0.22,133.3333,10.8,13.2,13.2,12.2,Bajo,3,100.0,0.0,100.0,100.0,100.0,100.0,0.0,0,0.0,0.0,53453.8093,277.5249,53415.3855,53715.2282,53748.544,2451.1376,9.3333,15654.0,131.6667
SCN-0045,Media demanda / Rapido proveedor / Ajustada,8000,1440,1760,1760,1.8,220,1.0,120,0.18,0.22,0.22,122.2222,11.7818,14.4,14.4,13.4,Bajo,3,100.0,0.0,100.0,100.0,100.0,100.0,0.0,0,0.0,0.0,54614.8672,808.7698,54659.8755,55326.1612,55400.193,2552.6778,8.6667,14335.0,64.6667
SCN-0055,Alta demanda / Lento proveedor / Conservadora,8000,1440,1760,3600,0.9,220,3.0,120,0.18,0.22,0.45,244.4444,5.8909,7.2,14.7273,4.2,Bajo,3,99.72,0.485,99.16,99.244,100.0,99.7287,0.3333,1,71.0,33.3333,58216.7875,875.4025,58282.51,58979.9798,59057.4765,2730.4882,8.3333,27828.6667,129.0
SCN-0101,Alta demanda / Rapido proveedor / Ajustada,8000,2800,1760,1760,0.9,220,1.0,120,0.35,0.22,0.22,244.4444,11.4545,7.2,7.2,6.2,Bajo,3,100.0,0.0,100.0,100.0,100.0,100.0,0.0,0,0.0,0.0,60600.5837,1564.744,59716.3655,62138.1701,62407.2595,2385.2176,17.6667,31509.3333,143.6667
SCN-0037,Alta demanda / Rapido proveedor / Ajustada,8000,1440,1760,1760,0.9,220,1.0,120,0.18,0.22,0.22,244.4444,5.8909,7.2,7.2,6.2,Bajo,3,100.0,0.0,100.0,100.0,100.0,100.0,0.0,0,0.0,0.0,60982.8282,1419.5912,60909.5115,62284.8424,62437.657,2406.4534,17.6667,29559.6667,137.3333
SCN-0119,Alta demanda / Lento proveedor / Conservadora,8000,2800,1760,3600,0.9,220,3.0,120,0.35,0.22,0.45,244.4444,11.4545,7.2,14.7273,4.2,Bajo,3,99.3367,1.1489,98.01,98.209,100.0,99.3317,1.0,3,216.3333,33.3333,61327.5007,3110.3824,60457.655,64347.95,64780.205,2838.713,8.0,28370.6667,131.3333
SCN-0127,Media demanda / Lento proveedor / Conservadora,8000,2800,1760,3600,1.8,220,3.0,120,0.35,0.22,0.45,122.2222,22.9091,14.4,29.4545,11.4,Bajo,3,100.0,0.0,100.0,100.0,100.0,100.0,0.0,0,0.0,0.0,61400.0015,3126.2211,60569.7895,64428.7537,64857.5275,3188.889,4.0,13468.3333,60.6667
SCN-0063,Media demanda / Lento proveedor / Conservadora,8000,1440,1760,3600,1.8,220,3.0,120,0.18,0.22,0.45,122.2222,11.7818,14.4,29.4545,11.4,Bajo,3,100.0,0.0,100.0,100.0,100.0,100.0,0.0,0,0.0,0.0,61516.5842,2581.4279,60111.439,64057.3324,64495.765,3158.3287,4.6667,14773.0,67.3333
SCN-0215,Alta demanda / Lento proveedor / Ajustada,12000,4200,1200,5400,0.9,220,3.0,120,0.35,0.1,0.45,244.4444,17.1818,4.9091,22.0909,1.9091,Bajo,3,99.76,0.4157,99.28,99.352,100.0,99.8195,0.3333,1,53.0,33.3333,61598.5425,1756.6474,60766.0465,63331.609,63616.6715,3093.0301,5.3333,28609.3333,130.3333
SCN-0115,Media demanda / Lento proveedor / Conservadora,8000,2800,1760,3600,0.9,120,3.0,120,0.35,0.22,0.45,133.3333,21.0,13.2,27.0,10.2,Bajo,3,100.0,0.0,100.0,100.0,100.0,100.0,0.0,0,0.0,0.0,61776.877,1578.779,62123.078,63050.7507,63153.8255,3154.2709,5.0,17165.6667,144.0
SCN-0051,Media demanda / Lento proveedor / Conservadora,8000,1440,1760,3600,0.9,120,3.0,120,0.18,0.22,0.45,133.3333,10.8,13.2,27.0,10.2,Bajo,3,100.0,0.0,100.0,100.0,100.0,100.0,0.0,0,0.0,0.0,62019.142,1435.6083,61424.8805,63433.3052,63656.4635,3167.7301,5.0,16404.3333,137.3333
SCN-0217,Baja demanda / Rapido proveedor / Ajustada,12000,4200,1200,5400,1.8,120,1.0,120,0.35,0.1,0.45,66.6667,63.0,18.0,81.0,17.0,Bajo,3,100.0,0.0,100.0,100.0,100.0,100.0,0.0,0,0.0,0.0,62859.5753,6171.3265,61616.686,68763.6467,69557.7535,3418.1246,1.3333,7804.3333,66.3333
SCN-0059,Baja demanda / Lento proveedor / Conservadora,8000,1440,1760,3600,1.8,120,3.0,120,0.18,0.22,0.45,66.6667,21.6,26.4,54.0,23.4,Bajo,3,100.0,0.0,100.0,100.0,100.0,100.0,0.0,0,0.0,0.0,62920.041,3106.2983,63188.04,65614.0953,65883.657,3328.8912,3.0,8168.3333,67.0
SCN-0023,Alta demanda / Lento proveedor / Ajustada,8000,1440,800,3600,0.9,220,3.0,120,0.18,0.1,0.45,244.4444,5.8909,3.2727,14.7273,0.2727,Medio,3,94.39,2.7117,92.75,92.765,97.058,94.1295,8.0,11,1822.0,100.0,63366.4323,10281.1322,69110.378,69453.9008,69492.07,2025.3944,8.3333,28432.3333,138.0
SCN-0076,Baja demanda / Lento proveedor / Ajustada,8000,2800,800,1760,1.8,120,3.0,240,0.35,0.1,0.22,66.6667,42.0,12.0,26.4,9.0,Bajo,3,100.0,0.0,100.0,100.0,100.0,100.0,0.0,0,0.0,0.0,63412.8245,2953.7092,62408.7365,66304.7838,66737.678,1539.2451,8.0,15285.6667,127.6667
SCN-0151,Alta demanda / Lento proveedor / Ajustada,12000,2160,1200,5400,0.9,220,3.0,120,0.18,0.1,0.45,244.4444,8.8364,4.9091,22.0909,1.9091,Bajo,3,99.7667,0.4041,99.3,99.37,100.0,99.6647,0.3333,1,104.3333,33.3333,63521.407,1892.229,64469.518,64723.8886,64752.152,3158.5226,5.6667,28579.0,130.6667
SCN-0012,Baja demanda / Lento proveedor / Ajustada,8000,1440,800,1760,1.8,120,3.0,240,0.18,0.1,0.22,66.6667,21.6,12.0,26.4,9.0,Bajo,3,100.0,0.0,100.0,100.0,100.0,100.0,0.0,0,0.0,0.0,63690.4717,1264.7846,64411.4625,64428.0468,64429.8895,1500.6613,9.6667,16755.3333,138.6667
SCN-0123,Baja demanda / Lento proveedor / Conservadora,8000,2800,1760,3600,1.8,120,3.0,120,0.35,0.22,0.45,66.6667,42.0,26.4,54.0,23.4,Bajo,3,100.0,0.0,100.0,100.0,100.0,100.0,0.0,0,0.0,0.0,63729.71,1887.7785,63470.843,65507.291,65733.563,3429.4283,2.0,7450.3333,62.0
SCN-0113,Media demanda / Rapido proveedor / Conservadora,8000,2800,1760,3600,0.9,120,1.0,120,0.35,0.22,0.45,133.3333,21.0,13.2,27.0,12.2,Bajo,3,100.0,0.0,100.0,100.0,100.0,100.0,0.0,0,0.0,0.0,63831.8307,2427.0037,64924.3325,65460.9454,65520.569,3286.9535,4.6667,15939.0,133.0
SCN-0155,Baja demanda / Lento proveedor / Ajustada,12000,2160,1200,5400,1.8,120,3.0,120,0.18,0.1,0.45,66.6667,32.4,18.0,81.0,15.0,Bajo,3,100.0,0.0,100.0,100.0,100.0,100.0,0.0,0,0.0,0.0,64188.7165,1829.0138,64445.171,65732.8887,65875.9685,3454.9287,2.0,7686.0,64.6667
SCN-0219,Baja demanda / Lento proveedor / Ajustada,12000,4200,1200,5400,1.8,120,3.0,120,0.35,0.1,0.45,66.6667,63.0,18.0,81.0,15.0,Bajo,3,100.0,0.0,100.0,100.0,100.0,100.0,0.0,0,0.0,0.0,64242.3957,4915.3317,63241.8695,68947.1009,69581.0155,3476.4294,1.6667,7899.3333,66.0
SCN-0125,Media demanda / Rapido proveedor / Conservadora,8000,2800,1760,3600,1.8,220,1.0,120,0.35,0.22,0.45,122.2222,22.9091,14.4,29.4545,13.4,Bajo,3,100.0,0.0,100.0,100.0,100.0,100.0,0.0,0,0.0,0.0,64731.6925,1386.8974,65528.41,65535.6186,65536.4195,3373.9829,4.0,14712.6667,66.0
SCN-0121,Baja demanda / Rapido proveedor / Conservadora,8000,2800,1760,3600,1.8,120,1.0,120,0.35,0.22,0.45,66.6667,42.0,26.4,54.0,25.4,Bajo,3,100.0,0.0,100.0,100.0,100.0,100.0,0.0,0,0.0,0.0,64767.2977,3317.9196,64218.192,67914.7827,68325.515,3450.0351,2.6667,8647.0,71.3333
SCN-0223,Media demanda / Lento proveedor / Ajustada,12000,4200,1200,5400,1.8,220,3.0,120,0.35,0.1,0.45,122.2222,34.3636,9.8182,44.1818,6.8182,Bajo,3,100.0,0.0,100.0,100.0,100.0,100.0,0.0,0,0.0,0.0,64811.599,4540.6092,63602.1255,69211.2459,69834.4815,3433.9777,3.0,15882.0,71.6667
SCN-0061,Media demanda / Rapido proveedor / Conservadora,8000,1440,1760,3600,1.8,220,1.0,120,0.18,0.22,0.45,122.2222,11.7818,14.4,29.4545,13.4,Bajo,3,100.0,0.0,100.0,100.0,100.0,100.0,0.0,0,0.0,0.0,65095.4703,1258.3304,65697.874,65915.2087,65939.357,3375.6743,4.3333,13809.6667,64.0
SCN-0071,Alta demanda / Lento proveedor / Ajustada,8000,2800,800,1760,0.9,220,3.0,120,0.35,0.1,0.22,244.4444,11.4545,3.2727,7.2,0.2727,Medio,3,89.0433,1.8632,87.12,87.325,90.673,88.8375,14.0,17,3097.3333,100.0,65369.1262,3726.9229,64403.5875,68975.7819,69483.8035,1143.9144,13.0,24698.3333,127.6667
SCN-0211,Media demanda / Lento proveedor / Ajustada,12000,4200,1200,5400,0.9,120,3.0,120,0.35,0.1,0.45,133.3333,31.5,9.0,40.5,6.0,Bajo,3,100.0,0.0,100.0,100.0,100.0,100.0,0.0,0,0.0,0.0,65506.8473,1293.9558,65446.773,66691.4919,66829.794,3454.0841,3.3333,17207.6667,143.0
SCN-0147,Media demanda / Lento proveedor / Ajustada,12000,2160,1200,5400,0.9,120,3.0,120,0.18,0.1,0.45,133.3333,16.2,9.0,40.5,6.0,Bajo,3,100.0,0.0,100.0,100.0,100.0,100.0,0.0,0,0.0,0.0,65671.5758,1699.6682,66376.566,66852.4329,66905.307,3463.2357,3.3333,16662.0,136.6667
SCN-0057,Baja demanda / Rapido proveedor / Conservadora,8000,1440,1760,3600,1.8,120,1.0,120,0.18,0.22,0.45,66.6667,21.6,26.4,54.0,25.4,Bajo,3,100.0,0.0,100.0,100.0,100.0,100.0,0.0,0,0.0,0.0,65765.972,1919.9073,66115.9365,67349.7352,67486.824,3486.9984,3.0,8274.3333,69.3333
SCN-0117,Alta demanda / Rapido proveedor / Conservadora,8000,2800,1760,3600,0.9,220,1.0,120,0.35,0.22,0.45,244.4444,11.4545,7.2,14.7273,6.2,Bajo,3,100.0,0.0,100.0,100.0,100.0,100.0,0.0,0,0.0,0.0,65923.237,1818.6711,66090.4565,67496.3168,67652.5235,3217.9576,8.0,28101.0,127.0
SCN-0159,Media demanda / Lento proveedor / Ajustada,12000,2160,1200,5400,1.8,220,3.0,120,0.18,0.1,0.45,122.2222,17.6727,9.8182,44.1818,6.8182,Bajo,3,100.0,0.0,100.0,100.0,100.0,100.0,0.0,0,0.0,0.0,66024.503,834.4775,65861.0565,66821.8556,66928.611,3501.3613,3.0,14257.0,64.6667
SCN-0007,Alta demanda / Lento proveedor / Ajustada,8000,1440,800,1760,0.9,220,3.0,120,0.18,0.1,0.22,244.4444,5.8909,3.2727,7.2,0.2727,Medio,3,90.12,7.2045,84.46,84.781,97.174,89.9686,14.3333,23,3179.3333,100.0,66787.0158,26383.2069,76275.142,86030.0746,87113.956,1065.8712,15.0,26151.3333,135.6667
SCN-0049,Media demanda / Rapido proveedor / Conservadora,8000,1440,1760,3600,0.9,120,1.0,120,0.18,0.22,0.45,133.3333,10.8,13.2,27.0,12.2,Bajo,3,100.0,0.0,100.0,100.0,100.0,100.0,0.0,0,0.0,0.0,66818.5535,2027.5904,67858.433,68089.5544,68115.2345,3434.3641,5.0,16602.6667,137.3333
SCN-0010,Baja demanda / Rapido proveedor / Ajustada,8000,1440,800,1760,1.8,120,1.0,240,0.18,0.1,0.22,66.6667,21.6,12.0,26.4,11.0,Bajo,3,100.0,0.0,100.0,100.0,100.0,100.0,0.0,0,0.0,0.0,66852.165,1193.0494,66579.172,68000.1635,68158.0515,1607.0046,9.0,15454.3333,128.3333
SCN-0053,Alta demanda / Rapido proveedor / Conservadora,8000,1440,1760,3600,0.9,220,1.0,120,0.18,0.22,0.45,244.4444,5.8909,7.2,14.7273,6.2,Bajo,3,100.0,0.0,100.0,100.0,100.0,100.0,0.0,0,0.0,0.0,66967.4355,2488.6139,67545.7885,68958.9325,69115.9485,3220.4131,9.0,30548.6667,138.6667
SCN-0175,Media demanda / Lento proveedor / Ajustada,12000,2160,2640,2640,1.8,220,3.0,120,0.18,0.22,0.22,122.2222,17.6727,21.6,21.6,18.6,Bajo,3,100.0,0.0,100.0,100.0,100.0,100.0,0.0,0,0.0,0.0,68353.1833,673.354,68355.06,68958.5433,69025.597,3445.5472,6.3333,15493.0,70.3333
SCN-0080,Media demanda / Lento proveedor / Ajustada,8000,2800,800,1760,1.8,220,3.0,240,0.35,0.1,0.22,122.2222,22.9091,6.5455,14.4,3.5455,Bajo,3,98.9167,0.9835,98.08,98.139,99.867,98.8334,1.6667,3,392.3333,66.6667,68411.9468,2151.8058,68664.7295,70250.0498,70426.1965,1308.517,17.3333,31875.6667,147.0
SCN-0087,Alta demanda / Lento proveedor / Ajustada,8000,2800,800,3600,0.9,220,3.0,120,0.35,0.1,0.45,244.4444,11.4545,3.2727,14.7273,0.2727,Medio,3,91.6933,1.0187,90.98,91.006,92.698,91.3694,10.6667,12,2457.0,100.0,68535.9082,5222.4148,70119.9045,72516.6374,72782.941,2011.8468,7.3333,26037.6667,128.3333
SCN-0004,Media demanda / Lento proveedor / Ajustada,8000,1440,800,1760,0.9,120,3.0,240,0.18,0.1,0.22,133.3333,10.8,6.0,13.2,3.0,Bajo,3,98.6567,1.7186,96.72,96.973,99.925,98.6496,3.6667,9,439.3333,66.6667,68536.0802,6617.1621,66424.0645,74998.7038,75951.4415,1264.4837,17.6667,31071.6667,264.6667
SCN-0074,Baja demanda / Rapido proveedor / Ajustada,8000,2800,800,1760,1.8,120,1.0,240,0.35,0.1,0.22,66.6667,42.0,12.0,26.4,11.0,Bajo,3,100.0,0.0,100.0,100.0,100.0,100.0,0.0,0,0.0,0.0,68659.7955,1579.508,67872.913,70217.6515,70478.178,1657.2165,9.0,16523.6667,135.3333
SCN-0149,Alta demanda / Rapido proveedor / Ajustada,12000,2160,1200,5400,0.9,220,1.0,120,0.18,0.1,0.45,244.4444,8.8364,4.9091,22.0909,3.9091,Bajo,3,100.0,0.0,100.0,100.0,100.0,100.0,0.0,0,0.0,0.0,69111.2427,3417.9209,70887.3375,71236.6446,71275.4565,3524.6987,5.6667,29597.6667,134.0
SCN-0068,Media demanda / Lento proveedor / Ajustada,8000,2800,800,1760,0.9,120,3.0,240,0.35,0.1,0.22,133.3333,21.0,6.0,13.2,3.0,Bajo,3,99.24,1.3164,97.72,97.948,100.0,99.1927,2.0,6,257.0,33.3333,69306.8672,4278.2928,67188.903,73526.7984,74231.009,1349.5611,17.6667,31997.6667,269.6667
SCN-0163,Media demanda / Lento proveedor / Ajustada,12000,2160,2640,2640,0.9,120,3.0,120,0.18,0.22,0.22,133.3333,16.2,19.8,19.8,16.8,Bajo,3,100.0,0.0,100.0,100.0,100.0,100.0,0.0,0,0.0,0.0,69403.7473,1728.2914,70188.503,70559.2364,70600.429,3448.3563,7.3333,16628.0,138.0
SCN-0231,Alta demanda / Lento proveedor / Ajustada,12000,4200,2640,2640,0.9,220,3.0,120,0.35,0.22,0.22,244.4444,17.1818,10.8,10.8,7.8,Bajo,3,100.0,0.0,100.0,100.0,100.0,100.0,0.0,0,0.0,0.0,69737.1262,755.5076,69337.0505,70481.3915,70608.5405,3281.6922,10.6667,29025.6667,128.3333
SCN-0209,Media demanda / Rapido proveedor / Ajustada,12000,4200,1200,5400,0.9,120,1.0,120,0.35,0.1,0.45,133.3333,31.5,9.0,40.5,8.0,Bajo,3,100.0,0.0,100.0,100.0,100.0,100.0,0.0,0,0.0,0.0,69934.977,2994.2162,71503.4985,71787.5169,71819.0745,3718.6098,3.0,15398.3333,131.6667
SCN-0235,Baja demanda / Lento proveedor / Ajustada,12000,4200,2640,2640,1.8,120,3.0,120,0.35,0.22,0.22,66.6667,63.0,39.6,39.6,36.6,Bajo,3,100.0,0.0,100.0,100.0,100.0,100.0,0.0,0,0.0,0.0,70026.2513,744.9354,70262.7015,70588.1082,70624.2645,3705.1621,3.3333,8228.6667,68.6667
SCN-0171,Baja demanda / Lento proveedor / Ajustada,12000,2160,2640,2640,1.8,120,3.0,120,0.18,0.22,0.22,66.6667,32.4,39.6,39.6,36.6,Bajo,3,100.0,0.0,100.0,100.0,100.0,100.0,0.0,0,0.0,0.0,70121.766,790.191,69764.832,70901.1918,71027.454,3728.987,3.0,6595.6667,54.6667
SCN-0153,Baja demanda / Rapido proveedor / Ajustada,12000,2160,1200,5400,1.8,120,1.0,120,0.18,0.1,0.45,66.6667,32.4,18.0,81.0,17.0,Bajo,3,100.0,0.0,100.0,100.0,100.0,100.0,0.0,0,0.0,0.0,70260.3995,9121.5468,72462.389,77517.6854,78079.385,3792.2444,2.0,7328.3333,61.3333
SCN-0221,Media demanda / Rapido proveedor / Ajustada,12000,4200,1200,5400,1.8,220,1.0,120,0.35,0.1,0.45,122.2222,34.3636,9.8182,44.1818,8.8182,Bajo,3,100.0,0.0,100.0,100.0,100.0,100.0,0.0,0,0.0,0.0,70493.691,4308.6068,68089.0695,74730.0435,75467.9295,3749.6495,3.0,15583.6667,71.6667
SCN-0167,Alta demanda / Lento proveedor / Ajustada,12000,2160,2640,2640,0.9,220,3.0,120,0.18,0.22,0.22,244.4444,8.8364,10.8,10.8,7.8,Bajo,3,100.0,0.0,100.0,100.0,100.0,100.0,0.0,0,0.0,0.0,70656.6885,524.018,70905.799,70999.2937,71009.682,3314.2605,11.0,27544.6667,126.0
SCN-0227,Media demanda / Lento proveedor / Ajustada,12000,4200,2640,2640,0.9,120,3.0,120,0.35,0.22,0.22,133.3333,31.5,19.8,19.8,16.8,Bajo,3,100.0,0.0,100.0,100.0,100.0,100.0,0.0,0,0.0,0.0,71137.3225,1078.7978,70741.416,72196.4662,72358.1385,3618.7401,6.0,15268.6667,127.6667
SCN-0239,Media demanda / Lento proveedor / Ajustada,12000,4200,2640,2640,1.8,220,3.0,120,0.35,0.22,0.22,122.2222,34.3636,21.6,21.6,18.6,Bajo,3,100.0,0.0,100.0,100.0,100.0,100.0,0.0,0,0.0,0.0,71290.0318,1330.767,72035.538,72076.3993,72080.9395,3608.7055,6.3333,16655.6667,75.0
SCN-0014,Media demanda / Rapido proveedor / Ajustada,8000,1440,800,1760,1.8,220,1.0,240,0.18,0.1,0.22,122.2222,11.7818,6.5455,14.4,5.5455,Bajo,3,100.0,0.0,100.0,100.0,100.0,100.0,0.0,0,0.0,0.0,71560.4388,1419.1554,71792.3445,72743.6571,72849.3585,1561.864,15.3333,26404.6667,121.3333
SCN-0233,Baja demanda / Rapido proveedor / Ajustada,12000,4200,2640,2640,1.8,120,1.0,120,0.35,0.22,0.22,66.6667,63.0,39.6,39.6,38.6,Bajo,3,100.0,0.0,100.0,100.0,100.0,100.0,0.0,0,0.0,0.0,72349.7447,1219.6904,72798.072,73233.4483,73281.8235,3871.2821,2.6667,7738.6667,64.6667
SCN-0016,Media demanda / Lento proveedor / Ajustada,8000,1440,800,1760,1.8,220,3.0,240,0.18,0.1,0.22,122.2222,11.7818,6.5455,14.4,3.5455,Bajo,3,97.0733,0.5991,96.58,96.612,97.656,96.7066,4.0,5,979.6667,100.0,72605.4727,1614.1123,72075.0475,74183.752,74418.0525,1289.8557,16.3333,28722.6667,136.0
SCN-0173,Media demanda / Rapido proveedor / Ajustada,12000,2160,2640,2640,1.8,220,1.0,120,0.18,0.22,0.22,122.2222,17.6727,21.6,21.6,20.6,Bajo,3,100.0,0.0,100.0,100.0,100.0,100.0,0.0,0,0.0,0.0,73082.4347,1635.0171,72922.87,74604.5326,74791.384,3689.7649,6.6667,15749.0,70.6667
SCN-0066,Media demanda / Rapido proveedor / Ajustada,8000,2800,800,1760,0.9,120,1.0,240,0.35,0.1,0.22,133.3333,21.0,6.0,13.2,5.0,Bajo,3,100.0,0.0,100.0,100.0,100.0,100.0,0.0,0,0.0,0.0,73115.699,1375.9456,73390.265,74239.3205,74333.66,1558.7694,17.0,30491.0,255.6667
SCN-0225,Media demanda / Rapido proveedor / Ajustada,12000,4200,2640,2640,0.9,120,1.0,120,0.35,0.22,0.22,133.3333,31.5,19.8,19.8,18.8,Bajo,3,100.0,0.0,100.0,100.0,100.0,100.0,0.0,0,0.0,0.0,73260.1077,920.1628,73375.5255,74042.9574,74117.1165,3755.1911,5.6667,15513.6667,132.0
SCN-0078,Media demanda / Rapido proveedor / Ajustada,8000,2800,800,1760,1.8,220,1.0,240,0.35,0.1,0.22,122.2222,22.9091,6.5455,14.4,5.5455,Bajo,3,100.0,0.0,100.0,100.0,100.0,100.0,0.0,0,0.0,0.0,73296.751,1720.82,72846.773,74962.7468,75197.855,1619.3542,15.0,27628.6667,127.0
SCN-0145,Media demanda / Rapido proveedor / Ajustada,12000,2160,1200,5400,0.9,120,1.0,120,0.18,0.1,0.45,133.3333,16.2,9.0,40.5,8.0,Bajo,3,100.0,0.0,100.0,100.0,100.0,100.0,0.0,0,0.0,0.0,73708.518,3185.7556,72628.533,76827.3435,77293.878,3928.251,3.0,15206.0,128.0
SCN-0002,Media demanda / Rapido proveedor / Ajustada,8000,1440,800,1760,0.9,120,1.0,240,0.18,0.1,0.22,133.3333,10.8,6.0,13.2,5.0,Bajo,3,100.0,0.0,100.0,100.0,100.0,100.0,0.0,0,0.0,0.0,73907.7358,391.4939,73864.4075,74273.6231,74319.0915,1571.5112,17.3333,29835.3333,246.3333
SCN-0161,Media demanda / Rapido proveedor / Ajustada,12000,2160,2640,2640,0.9,120,1.0,120,0.18,0.22,0.22,133.3333,16.2,19.8,19.8,18.8,Bajo,3,100.0,0.0,100.0,100.0,100.0,100.0,0.0,0,0.0,0.0,73991.9838,1369.8743,74568.434,74938.3295,74979.429,3758.8139,6.3333,15296.0,129.6667
SCN-0169,Baja demanda / Rapido proveedor / Ajustada,12000,2160,2640,2640,1.8,120,1.0,120,0.18,0.22,0.22,66.6667,32.4,39.6,39.6,38.6,Bajo,3,100.0,0.0,100.0,100.0,100.0,100.0,0.0,0,0.0,0.0,74831.986,1867.1805,74614.8385,76579.9052,76798.246,3935.1103,4.0,9084.6667,76.0
SCN-0157,Media demanda / Rapido proveedor / Ajustada,12000,2160,1200,5400,1.8,220,1.0,120,0.18,0.1,0.45,122.2222,17.6727,9.8182,44.1818,8.8182,Bajo,3,100.0,0.0,100.0,100.0,100.0,100.0,0.0,0,0.0,0.0,74834.964,2276.0551,74683.4915,76933.0239,77182.972,3990.8314,3.0,14348.6667,66.0
SCN-0213,Alta demanda / Rapido proveedor / Ajustada,12000,4200,1200,5400,0.9,220,1.0,120,0.35,0.1,0.45,244.4444,17.1818,4.9091,22.0909,3.9091,Bajo,3,100.0,0.0,100.0,100.0,100.0,100.0,0.0,0,0.0,0.0,74994.7052,2872.1754,75171.41,77514.1447,77774.4485,3851.5577,5.6667,31892.0,145.6667
SCN-0237,Media demanda / Rapido proveedor / Ajustada,12000,4200,2640,2640,1.8,220,1.0,120,0.35,0.22,0.22,122.2222,34.3636,21.6,21.6,20.6,Bajo,3,100.0,0.0,100.0,100.0,100.0,100.0,0.0,0,0.0,0.0,76062.7042,2270.7911,77080.7975,77589.7398,77646.289,3910.891,5.6667,15026.6667,69.6667
SCN-0165,Alta demanda / Rapido proveedor / Ajustada,12000,2160,2640,2640,0.9,220,1.0,120,0.18,0.22,0.22,244.4444,8.8364,10.8,10.8,9.8,Bajo,3,100.0,0.0,100.0,100.0,100.0,100.0,0.0,0,0.0,0.0,77444.5042,1655.1074,77498.682,78914.5399,79071.8575,3654.3243,11.6667,28491.0,131.3333
SCN-0229,Alta demanda / Rapido proveedor / Ajustada,12000,4200,2640,2640,0.9,220,1.0,120,0.35,0.22,0.22,244.4444,17.1818,10.8,10.8,9.8,Bajo,3,100.0,0.0,100.0,100.0,100.0,100.0,0.0,0,0.0,0.0,77789.9728,921.9983,78222.8805,78396.5544,78415.8515,3692.0355,11.3333,31009.0,141.0
SCN-0247,Alta demanda / Lento proveedor / Conservadora,12000,4200,2640,5400,0.9,220,3.0,120,0.35,0.22,0.45,244.4444,17.1818,10.8,22.0909,7.8,Bajo,3,100.0,0.0,100.0,100.0,100.0,100.0,0.0,0,0.0,0.0,85502.3628,243.6734,85590.38,85679.8567,85689.7985,4453.835,5.3333,28224.6667,128.3333
SCN-0032,Media demanda / Lento proveedor / Ajustada,8000,1440,800,3600,1.8,220,3.0,240,0.18,0.1,0.45,122.2222,11.7818,6.5455,29.4545,3.5455,Bajo,3,99.4767,0.4554,99.17,99.179,99.926,99.4839,0.6667,1,146.3333,66.6667,86394.0873,1442.5482,86332.7465,87712.9694,87866.3275,2126.5765,8.3333,27964.6667,127.3333
SCN-0183,Alta demanda / Lento proveedor / Conservadora,12000,2160,2640,5400,0.9,220,3.0,120,0.18,0.22,0.45,244.4444,8.8364,10.8,22.0909,7.8,Bajo,3,100.0,0.0,100.0,100.0,100.0,100.0,0.0,0,0.0,0.0,86650.7965,1336.3113,86270.895,87949.4215,88135.9245,4480.5998,6.0,30282.6667,138.6667
SCN-0020,Media demanda / Lento proveedor / Ajustada,8000,1440,800,3600,0.9,120,3.0,240,0.18,0.1,0.45,133.3333,10.8,6.0,27.0,3.0,Bajo,3,99.6033,0.4162,99.17,99.217,99.964,99.6058,1.0,2,118.0,66.6667,87693.4392,1183.3021,87713.367,88751.3231,88866.6515,2155.077,8.6667,30957.6667,260.6667
SCN-0006,Alta demanda / Rapido proveedor / Ajustada,8000,1440,800,1760,0.9,220,1.0,240,0.18,0.1,0.22,244.4444,5.8909,3.2727,7.2,2.2727,Bajo,3,99.49,0.5794,98.86,98.935,99.961,99.5006,1.3333,3,283.0,66.6667,87713.0933,2711.6811,86678.6835,90378.6289,90789.734,1447.66,32.6667,57390.3333,266.0
SCN-0132,Media demanda / Lento proveedor / Ajustada,12000,2160,1200,2640,0.9,120,3.0,240,0.18,0.1,0.22,133.3333,16.2,9.0,19.8,6.0,Bajo,3,100.0,0.0,100.0,100.0,100.0,100.0,0.0,0,0.0,0.0,88675.067,1694.5063,88905.7965,90108.7271,90242.386,2129.863,12.0,30659.3333,257.0
SCN-0096,Media demanda / Lento proveedor / Ajustada,8000,2800,800,3600,1.8,220,3.0,240,0.35,0.1,0.45,122.2222,22.9091,6.5455,29.4545,3.5455,Bajo,3,98.9767,0.8924,98.36,98.381,99.857,98.9631,1.3333,2,291.3333,66.6667,89620.248,2957.4499,88122.8675,92536.5202,93026.926,2193.2291,7.6667,28106.3333,130.0
SCN-0196,Media demanda / Lento proveedor / Ajustada,12000,4200,1200,2640,0.9,120,3.0,240,0.35,0.1,0.22,133.3333,31.5,9.0,19.8,6.0,Bajo,3,100.0,0.0,100.0,100.0,100.0,100.0,0.0,0,0.0,0.0,89927.1778,368.3312,90123.302,90152.6834,90155.948,2183.1623,11.3333,31567.0,263.0
SCN-0251,Baja demanda / Lento proveedor / Conservadora,12000,4200,2640,5400,1.8,120,3.0,120,0.35,0.22,0.45,66.6667,63.0,39.6,81.0,36.6,Bajo,3,100.0,0.0,100.0,100.0,100.0,100.0,0.0,0,0.0,0.0,90187.8317,8916.4349,86477.471,98972.0414,100360.327,4917.8425,1.6667,6589.0,56.6667
SCN-0243,Media demanda / Lento proveedor / Conservadora,12000,4200,2640,5400,0.9,120,3.0,120,0.35,0.22,0.45,133.3333,31.5,19.8,40.5,16.8,Bajo,3,100.0,0.0,100.0,100.0,100.0,100.0,0.0,0,0.0,0.0,90527.7905,2535.5271,91247.901,92487.6249,92625.372,4862.655,3.0,14308.0,118.6667
SCN-0140,Baja demanda / Lento proveedor / Ajustada,12000,2160,1200,2640,1.8,120,3.0,240,0.18,0.1,0.22,66.6667,32.4,18.0,39.6,15.0,Bajo,3,100.0,0.0,100.0,100.0,100.0,100.0,0.0,0,0.0,0.0,90734.2845,1950.0127,90499.921,92561.7908,92790.8875,2325.9524,7.0,17443.6667,145.6667
SCN-0179,Media demanda / Lento proveedor / Conservadora,12000,2160,2640,5400,0.9,120,3.0,120,0.18,0.22,0.45,133.3333,16.2,19.8,40.5,16.8,Bajo,3,100.0,0.0,100.0,100.0,100.0,100.0,0.0,0,0.0,0.0,90773.0558,2590.0199,89659.821,93326.1978,93733.573,4857.7624,3.3333,15584.0,129.6667
SCN-0092,Baja demanda / Lento proveedor / Ajustada,8000,2800,800,3600,1.8,120,3.0,240,0.35,0.1,0.45,66.6667,42.0,12.0,54.0,9.0,Bajo,3,100.0,0.0,100.0,100.0,100.0,100.0,0.0,0,0.0,0.0,91055.0253,1169.5435,91563.5615,91852.1474,91884.2125,2408.9359,4.3333,15722.6667,131.3333
SCN-0084,Media demanda / Lento proveedor / Ajustada,8000,2800,800,3600,0.9,120,3.0,240,0.35,0.1,0.45,133.3333,21.0,6.0,27.0,3.0,Bajo,3,99.1567,0.8286,98.2,98.342,99.647,99.1235,2.3333,5,292.6667,100.0,91621.932,6028.9136,92028.9245,96896.2262,97437.0375,2197.6092,9.0,32888.3333,275.3333
SCN-0028,Baja demanda / Lento proveedor / Ajustada,8000,1440,800,3600,1.8,120,3.0,240,0.18,0.1,0.45,66.6667,21.6,12.0,54.0,9.0,Bajo,3,100.0,0.0,100.0,100.0,100.0,100.0,0.0,0,0.0,0.0,91862.4317,4834.0984,90836.4545,96498.0899,97127.1605,2422.1046,4.6667,15726.3333,131.6667
SCN-0070,Alta demanda / Rapido proveedor / Ajustada,8000,2800,800,1760,0.9,220,1.0,240,0.35,0.1,0.22,244.4444,11.4545,3.2727,7.2,2.2727,Bajo,3,98.8633,1.0098,98.07,98.115,99.852,98.7373,3.0,5,723.3333,66.6667,91958.5268,6057.8452,94707.262,96009.9486,96154.6915,1472.3665,31.6667,56686.3333,261.3333
SCN-0249,Baja demanda / Rapido proveedor / Conservadora,12000,4200,2640,5400,1.8,120,1.0,120,0.35,0.22,0.45,66.6667,63.0,39.6,81.0,38.6,Bajo,3,100.0,0.0,100.0,100.0,100.0,100.0,0.0,0,0.0,0.0,91961.0002,6820.8528,93132.062,97621.6598,98120.504,5016.3519,1.6667,7283.6667,62.0
SCN-0208,Media demanda / Lento proveedor / Ajustada,12000,4200,1200,2640,1.8,220,3.0,240,0.35,0.1,0.22,122.2222,34.3636,9.8182,21.6,6.8182,Bajo,3,99.7433,0.4446,99.23,99.307,100.0,99.6772,0.3333,1,89.0,33.3333,92128.0598,2019.8352,92287.125,93886.006,94063.6595,2266.1869,9.6667,27398.3333,127.0
SCN-0144,Media demanda / Lento proveedor / Ajustada,12000,2160,1200,2640,1.8,220,3.0,240,0.18,0.1,0.22,122.2222,17.6727,9.8182,21.6,6.8182,Bajo,3,99.77,0.3984,99.31,99.379,100.0,99.7986,0.3333,1,64.6667,33.3333,92402.2088,1224.9034,92739.667,93354.6748,93423.009,2260.691,10.3333,27409.6667,127.0
SCN-0191,Media demanda / Lento proveedor / Conservadora,12000,2160,2640,5400,1.8,220,3.0,120,0.18,0.22,0.45,122.2222,17.6727,21.6,44.1818,18.6,Bajo,3,100.0,0.0,100.0,100.0,100.0,100.0,0.0,0,0.0,0.0,92673.7793,2394.0931,94035.9865,94071.9415,94075.9365,4963.3581,3.3333,14777.0,67.3333
SCN-0255,Media demanda / Lento proveedor / Conservadora,12000,4200,2640,5400,1.8,220,3.0,120,0.35,0.22,0.45,122.2222,34.3636,21.6,44.1818,18.6,Bajo,3,100.0,0.0,100.0,100.0,100.0,100.0,0.0,0,0.0,0.0,93227.7188,7006.5803,93904.2505,99274.7697,99871.494,4994.1325,3.3333,17058.0,77.0
SCN-0204,Baja demanda / Lento proveedor / Ajustada,12000,4200,1200,2640,1.8,120,3.0,240,0.35,0.1,0.22,66.6667,63.0,18.0,39.6,15.0,Bajo,3,100.0,0.0,100.0,100.0,100.0,100.0,0.0,0,0.0,0.0,93554.114,2883.4949,94787.6555,95532.8501,95615.6495,2459.8365,5.0,15606.3333,131.3333
SCN-0138,Baja demanda / Rapido proveedor / Ajustada,12000,2160,1200,2640,1.8,120,1.0,240,0.18,0.1,0.22,66.6667,32.4,18.0,39.6,17.0,Bajo,3,100.0,0.0,100.0,100.0,100.0,100.0,0.0,0,0.0,0.0,93598.0197,4327.2728,93575.658,97500.3528,97936.43,2414.7598,6.6667,17026.6667,142.6667
SCN-0026,Baja demanda / Rapido proveedor / Ajustada,8000,1440,800,3600,1.8,120,1.0,240,0.18,0.1,0.45,66.6667,21.6,12.0,54.0,11.0,Bajo,3,100.0,0.0,100.0,100.0,100.0,100.0,0.0,0,0.0,0.0,94613.31,2229.4136,94957.607,96481.2521,96650.546,2489.2586,5.0,17130.0,142.6667
SCN-0181,Alta demanda / Rapido proveedor / Conservadora,12000,2160,2640,5400,0.9,220,1.0,120,0.18,0.22,0.45,244.4444,8.8364,10.8,22.0909,9.8,Bajo,3,100.0,0.0,100.0,100.0,100.0,100.0,0.0,0,0.0,0.0,94938.6268,5938.3421,94726.0585,100354.965,100980.399,4922.5163,6.3333,30187.0,135.6667
SCN-0241,Media demanda / Rapido proveedor / Conservadora,12000,4200,2640,5400,0.9,120,1.0,120,0.35,0.22,0.45,133.3333,31.5,19.8,40.5,18.8,Bajo,3,100.0,0.0,100.0,100.0,100.0,100.0,0.0,0,0.0,0.0,95437.3203,2269.7304,95336.145,97513.9664,97755.9465,5116.8881,3.3333,16279.3333,135.0
SCN-0108,Baja demanda / Lento proveedor / Ajustada,8000,2800,1760,1760,1.8,120,3.0,240,0.35,0.22,0.22,66.6667,42.0,26.4,26.4,23.4,Bajo,3,100.0,0.0,100.0,100.0,100.0,100.0,0.0,0,0.0,0.0,95504.4618,1468.1053,95649.6495,96770.086,96894.579,2421.4202,8.3333,14949.6667,126.3333
SCN-0030,Media demanda / Rapido proveedor / Ajustada,8000,1440,800,3600,1.8,220,1.0,240,0.18,0.1,0.45,122.2222,11.7818,6.5455,29.4545,5.5455,Bajo,3,100.0,0.0,100.0,100.0,100.0,100.0,0.0,0,0.0,0.0,95648.1218,3124.181,95948.345,98345.0526,98611.3535,2425.4108,8.3333,28561.6667,131.6667
SCN-0048,Media demanda / Lento proveedor / Ajustada,8000,1440,1760,1760,1.8,220,3.0,240,0.18,0.22,0.22,122.2222,11.7818,14.4,14.4,11.4,Bajo,3,100.0,0.0,100.0,100.0,100.0,100.0,0.0,0,0.0,0.0,96091.6455,1063.6466,95849.878,97114.8158,97255.3645,2224.768,16.0,27116.3333,126.0
SCN-0082,Media demanda / Rapido proveedor / Ajustada,8000,2800,800,3600,0.9,120,1.0,240,0.35,0.1,0.45,133.3333,21.0,6.0,27.0,5.0,Bajo,3,100.0,0.0,100.0,100.0,100.0,100.0,0.0,0,0.0,0.0,96246.493,3388.6776,97550.0985,98665.8114,98789.7795,2423.5137,9.0,32175.6667,268.0
SCN-0200,Alta demanda / Lento proveedor / Ajustada,12000,4200,1200,2640,0.9,220,3.0,240,0.35,0.1,0.22,244.4444,17.1818,4.9091,10.8,1.9091,Bajo,3,98.59,0.6777,97.95,98.007,99.222,98.542,3.6667,5,837.6667,100.0,96528.0395,1002.3453,96371.238,97476.7139,97599.5445,1851.6678,21.3333,57905.3333,266.6667
SCN-0130,Media demanda / Rapido proveedor / Ajustada,12000,2160,1200,2640,0.9,120,1.0,240,0.18,0.1,0.22,133.3333,16.2,9.0,19.8,8.0,Bajo,3,100.0,0.0,100.0,100.0,100.0,100.0,0.0,0,0.0,0.0,96636.4583,1706.603,96820.001,98101.4844,98243.8715,2341.7535,12.3333,31625.3333,266.0
SCN-0206,Media demanda / Rapido proveedor / Ajustada,12000,4200,1200,2640,1.8,220,1.0,240,0.35,0.1,0.22,122.2222,34.3636,9.8182,21.6,8.8182,Bajo,3,100.0,0.0,100.0,100.0,100.0,100.0,0.0,0,0.0,0.0,96705.5745,2834.4474,96361.474,99362.8746,99696.3635,2408.4882,10.0,28491.3333,131.3333
SCN-0044,Baja demanda / Lento proveedor / Ajustada,8000,1440,1760,1760,1.8,120,3.0,240,0.18,0.22,0.22,66.6667,21.6,26.4,26.4,23.4,Bajo,3,100.0,0.0,100.0,100.0,100.0,100.0,0.0,0,0.0,0.0,96731.7992,1740.7255,96323.932,98408.6128,98640.244,2418.4759,9.6667,15748.0,131.6667
SCN-0202,Baja demanda / Rapido proveedor / Ajustada,12000,4200,1200,2640,1.8,120,1.0,240,0.35,0.1,0.22,66.6667,63.0,18.0,39.6,17.0,Bajo,3,100.0,0.0,100.0,100.0,100.0,100.0,0.0,0,0.0,0.0,97045.9483,2176.4108,96069.0255,99192.5857,99539.648,2547.5726,5.3333,15618.3333,131.3333
SCN-0018,Media demanda / Rapido proveedor / Ajustada,8000,1440,800,3600,0.9,120,1.0,240,0.18,0.1,0.45,133.3333,10.8,6.0,27.0,5.0,Bajo,3,100.0,0.0,100.0,100.0,100.0,100.0,0.0,0,0.0,0.0,97115.6028,1355.908,97867.7905,97922.5982,97928.688,2438.3964,9.3333,32209.3333,268.3333
SCN-0090,Baja demanda / Rapido proveedor / Ajustada,8000,2800,800,3600,1.8,120,1.0,240,0.35,0.1,0.45,66.6667,42.0,12.0,54.0,11.0,Bajo,3,100.0,0.0,100.0,100.0,100.0,100.0,0.0,0,0.0,0.0,97152.039,3480.5988,96280.585,100515.0611,100985.5585,2587.5566,4.0,15260.0,128.6667
SCN-0036,Media demanda / Lento proveedor / Ajustada,8000,1440,1760,1760,0.9,120,3.0,240,0.18,0.22,0.22,133.3333,10.8,13.2,13.2,10.2,Bajo,3,100.0,0.0,100.0,100.0,100.0,100.0,0.0,0,0.0,0.0,97159.5363,953.87,97152.8145,98020.356,98116.7495,2217.3945,17.3333,29261.3333,244.6667
SCN-0189,Media demanda / Rapido proveedor / Conservadora,12000,2160,2640,5400,1.8,220,1.0,120,0.18,0.22,0.45,122.2222,17.6727,21.6,44.1818,20.6,Bajo,3,100.0,0.0,100.0,100.0,100.0,100.0,0.0,0,0.0,0.0,97391.1455,5363.4616,99717.6645,101050.4345,101198.52,5243.9525,3.0,14390.3333,65.3333
SCN-0187,Baja demanda / Lento proveedor / Conservadora,12000,2160,2640,5400,1.8,120,3.0,120,0.18,0.22,0.45,66.6667,32.4,39.6,81.0,36.6,Bajo,3,100.0,0.0,100.0,100.0,100.0,100.0,0.0,0,0.0,0.0,97491.9345,3682.2297,95813.609,101124.2539,101714.3255,5305.1075,2.0,7572.6667,65.3333
SCN-0253,Media demanda / Rapido proveedor / Conservadora,12000,4200,2640,5400,1.8,220,1.0,120,0.35,0.22,0.45,122.2222,34.3636,21.6,44.1818,20.6,Bajo,3,100.0,0.0,100.0,100.0,100.0,100.0,0.0,0,0.0,0.0,97587.478,1241.4719,97796.7945,98619.5669,98710.986,5254.8599,3.0,15538.0,71.3333
SCN-0094,Media demanda / Rapido proveedor / Ajustada,8000,2800,800,3600,1.8,220,1.0,240,0.35,0.1,0.45,122.2222,22.9091,6.5455,29.4545,5.5455,Bajo,3,99.7733,0.3926,99.32,99.388,100.0,99.7661,0.3333,1,75.0,33.3333,97893.8518,1609.4938,97082.068,99481.0275,99747.5785,2485.0144,7.6667,27263.6667,126.3333
SCN-0177,Media demanda / Rapido proveedor / Conservadora,12000,2160,2640,5400,0.9,120,1.0,120,0.18,0.22,0.45,133.3333,16.2,19.8,40.5,18.8,Bajo,3,100.0,0.0,100.0,100.0,100.0,100.0,0.0,0,0.0,0.0,97908.3188,1821.9797,98872.735,99028.1164,99045.381,5254.1659,3.3333,15276.6667,127.0
SCN-0142,Media demanda / Rapido proveedor / Ajustada,12000,2160,1200,2640,1.8,220,1.0,240,0.18,0.1,0.22,122.2222,17.6727,9.8182,21.6,8.8182,Bajo,3,100.0,0.0,100.0,100.0,100.0,100.0,0.0,0,0.0,0.0,98067.1942,2371.4407,99271.6495,99562.3805,99594.684,2455.5702,9.6667,25790.3333,118.0
SCN-0100,Media demanda / Lento proveedor / Ajustada,8000,2800,1760,1760,0.9,120,3.0,240,0.35,0.22,0.22,133.3333,21.0,13.2,13.2,10.2,Bajo,3,100.0,0.0,100.0,100.0,100.0,100.0,0.0,0,0.0,0.0,98420.3342,581.9614,98751.6645,98760.0426,98760.9735,2243.1574,17.6667,31111.0,263.0
SCN-0185,Baja demanda / Rapido proveedor / Conservadora,12000,2160,2640,5400,1.8,120,1.0,120,0.18,0.22,0.45,66.6667,32.4,39.6,81.0,38.6,Bajo,3,100.0,0.0,100.0,100.0,100.0,100.0,0.0,0,0.0,0.0,98964.2935,1712.1023,99540.9905,100236.3242,100313.5835,5386.9052,2.0,8085.0,68.0
SCN-0245,Alta demanda / Rapido proveedor / Conservadora,12000,4200,2640,5400,0.9,220,1.0,120,0.35,0.22,0.45,244.4444,17.1818,10.8,22.0909,9.8,Bajo,3,100.0,0.0,100.0,100.0,100.0,100.0,0.0,0,0.0,0.0,99495.631,2206.5689,100752.2525,100783.397,100786.8575,5249.7573,5.0,26082.6667,118.6667
SCN-0194,Media demanda / Rapido proveedor / Ajustada,12000,4200,1200,2640,0.9,120,1.0,240,0.35,0.1,0.22,133.3333,31.5,9.0,19.8,8.0,Bajo,3,100.0,0.0,100.0,100.0,100.0,100.0,0.0,0,0.0,0.0,99625.5817,2339.3781,98319.5515,101925.6944,102326.377,2415.5254,12.6667,34702.6667,288.6667
SCN-0112,Media demanda / Lento proveedor / Ajustada,8000,2800,1760,1760,1.8,220,3.0,240,0.35,0.22,0.22,122.2222,22.9091,14.4,14.4,11.4,Bajo,3,99.4633,0.9295,98.39,98.551,100.0,99.469,0.6667,2,145.6667,33.3333,101309.5785,739.2128,101133.073,102022.2676,102121.067,2318.8216,16.3333,29089.0,131.6667
SCN-0042,Baja demanda / Rapido proveedor / Ajustada,8000,1440,1760,1760,1.8,120,1.0,240,0.18,0.22,0.22,66.6667,21.6,26.4,26.4,25.4,Bajo,3,100.0,0.0,100.0,100.0,100.0,100.0,0.0,0,0.0,0.0,101419.7357,2588.7717,100075.2965,103971.2368,104404.119,2576.4741,8.6667,14423.6667,121.3333
SCN-0106,Baja demanda / Rapido proveedor / Ajustada,8000,2800,1760,1760,1.8,120,1.0,240,0.35,0.22,0.22,66.6667,42.0,26.4,26.4,25.4,Bajo,3,100.0,0.0,100.0,100.0,100.0,100.0,0.0,0,0.0,0.0,102210.3518,1101.6488,101594.76,103293.4645,103482.2095,2579.9172,9.3333,16245.3333,135.6667
SCN-0134,Alta demanda / Rapido proveedor / Ajustada,12000,2160,1200,2640,0.9,220,1.0,240,0.18,0.1,0.22,244.4444,8.8364,4.9091,10.8,3.9091,Bajo,3,100.0,0.0,100.0,100.0,100.0,100.0,0.0,0,0.0,0.0,102956.2432,1800.3878,102635.8715,104669.3662,104895.31,2230.266,22.6667,59231.6667,270.3333
SCN-0136,Alta demanda / Lento proveedor / Ajustada,12000,2160,1200,2640,0.9,220,3.0,240,0.18,0.1,0.22,244.4444,8.8364,4.9091,10.8,1.9091,Bajo,3,97.57,1.1166,96.42,96.542,98.549,97.5879,6.6667,10,1449.3333,100.0,103117.4637,10914.8151,99560.4365,113786.4098,115367.0735,1820.0777,22.6667,59137.3333,276.6667
SCN-0022,Alta demanda / Rapido proveedor / Ajustada,8000,1440,800,3600,0.9,220,1.0,240,0.18,0.1,0.45,244.4444,5.8909,3.2727,14.7273,2.2727,Bajo,3,99.4967,0.575,98.87,98.945,99.962,99.5324,1.3333,3,280.6667,66.6667,104754.5085,3411.6298,105315.146,107597.4992,107851.094,2356.7364,17.0,59752.6667,269.6667
SCN-0086,Alta demanda / Rapido proveedor / Ajustada,8000,2800,800,3600,0.9,220,1.0,240,0.35,0.1,0.45,244.4444,11.4545,3.2727,14.7273,2.2727,Bajo,3,99.4933,0.2196,99.24,99.277,99.628,99.4568,1.3333,2,313.6667,100.0,104955.7302,1568.9636,104587.0475,106467.2879,106676.2035,2392.0295,15.6667,57307.0,263.0
SCN-0104,Alta demanda / Lento proveedor / Ajustada,8000,2800,1760,1760,0.9,220,3.0,240,0.35,0.22,0.22,244.4444,11.4545,7.2,7.2,4.2,Bajo,3,99.2867,0.9187,98.25,98.386,99.961,99.2714,2.0,5,443.0,66.6667,106133.697,6620.0637,104282.4825,112562.3268,113482.3095,1905.2694,33.0,57908.3333,267.6667
SCN-0198,Alta demanda / Rapido proveedor / Ajustada,12000,4200,1200,2640,0.9,220,1.0,240,0.35,0.1,0.22,244.4444,17.1818,4.9091,10.8,3.9091,Bajo,3,100.0,0.0,100.0,100.0,100.0,100.0,0.0,0,0.0,0.0,106493.9148,3134.6494,107110.707,109057.9601,109274.3215,2337.7939,22.3333,60432.0,277.0
SCN-0046,Media demanda / Rapido proveedor / Ajustada,8000,1440,1760,1760,1.8,220,1.0,240,0.18,0.22,0.22,122.2222,11.7818,14.4,14.4,13.4,Bajo,3,100.0,0.0,100.0,100.0,100.0,100.0,0.0,0,0.0,0.0,106720.8613,1571.8383,105926.3075,108270.8525,108531.3575,2482.9869,17.3333,29420.6667,134.0
SCN-0034,Media demanda / Rapido proveedor / Ajustada,8000,1440,1760,1760,0.9,120,1.0,240,0.18,0.22,0.22,133.3333,10.8,13.2,13.2,12.2,Bajo,3,100.0,0.0,100.0,100.0,100.0,100.0,0.0,0,0.0,0.0,107233.0732,1905.9598,107423.16,108875.4963,109036.867,2460.178,18.6667,31755.0,264.3333
SCN-0098,Media demanda / Rapido proveedor / Ajustada,8000,2800,1760,1760,0.9,120,1.0,240,0.35,0.22,0.22,133.3333,21.0,13.2,13.2,12.2,Bajo,3,100.0,0.0,100.0,100.0,100.0,100.0,0.0,0,0.0,0.0,107392.453,1490.3719,107811.604,108546.6916,108628.368,2483.1237,18.0,31861.0,266.6667
SCN-0110,Media demanda / Rapido proveedor / Ajustada,8000,2800,1760,1760,1.8,220,1.0,240,0.35,0.22,0.22,122.2222,22.9091,14.4,14.4,13.4,Bajo,3,100.0,0.0,100.0,100.0,100.0,100.0,0.0,0,0.0,0.0,107457.3933,1582.835,108280.393,108441.2986,108459.177,2531.2239,16.3333,28992.0,130.0
SCN-0040,Alta demanda / Lento proveedor / Ajustada,8000,1440,1760,1760,0.9,220,3.0,240,0.18,0.22,0.22,244.4444,5.8909,7.2,7.2,4.2,Bajo,3,98.4233,1.1131,97.16,97.329,99.219,98.3489,4.3333,8,1008.3333,100.0,113093.1552,8558.3231,109684.8155,121515.9545,122830.5255,1903.5136,34.3333,58610.0,270.6667
SCN-0024,Alta demanda / Lento proveedor / Ajustada,8000,1440,800,3600,0.9,220,3.0,240,0.18,0.1,0.45,244.4444,5.8909,3.2727,14.7273,0.2727,Medio,3,95.0367,1.9299,93.31,93.447,96.876,94.8982,14.0,20,3113.6667,100.0,118303.3347,9947.1345,117942.271,127377.7036,128426.085,1946.1297,16.3333,57763.6667,280.0
SCN-0102,Alta demanda / Rapido proveedor / Ajustada,8000,2800,1760,1760,0.9,220,1.0,240,0.35,0.22,0.22,244.4444,11.4545,7.2,7.2,6.2,Bajo,3,100.0,0.0,100.0,100.0,100.0,100.0,0.0,0,0.0,0.0,118592.5115,1894.835,118669.067,120270.0244,120447.9085,2405.3476,32.0,56512.6667,259.0
SCN-0056,Alta demanda / Lento proveedor / Conservadora,8000,1440,1760,3600,0.9,220,3.0,240,0.18,0.22,0.45,244.4444,5.8909,7.2,14.7273,4.2,Bajo,3,99.7567,0.2108,99.63,99.631,99.964,99.7686,0.6667,1,138.6667,66.6667,120233.6857,3610.8547,120832.9795,123239.9575,123507.3995,2827.5283,17.0,60045.0,275.0
SCN-0120,Alta demanda / Lento proveedor / Conservadora,8000,2800,1760,3600,0.9,220,3.0,240,0.35,0.22,0.45,244.4444,11.4545,7.2,14.7273,4.2,Bajo,3,99.88,0.2078,99.64,99.676,100.0,99.8571,0.3333,1,86.3333,33.3333,120435.8018,717.7922,120712.678,120947.7971,120973.9215,2849.4019,17.0,60107.3333,272.0
SCN-0038,Alta demanda / Rapido proveedor / Ajustada,8000,1440,1760,1760,0.9,220,1.0,240,0.18,0.22,0.22,244.4444,5.8909,7.2,7.2,6.2,Bajo,3,100.0,0.0,100.0,100.0,100.0,100.0,0.0,0,0.0,0.0,120440.0592,2402.504,121091.562,122313.8142,122449.62,2382.5942,34.6667,60111.0,276.0
SCN-0124,Baja demanda / Lento proveedor / Conservadora,8000,2800,1760,3600,1.8,120,3.0,240,0.35,0.22,0.45,66.6667,42.0,26.4,54.0,23.4,Bajo,3,100.0,0.0,100.0,100.0,100.0,100.0,0.0,0,0.0,0.0,120567.8688,2097.5331,120913.3545,122315.4245,122471.21,3200.9593,5.3333,17353.3333,143.0
SCN-0116,Media demanda / Lento proveedor / Conservadora,8000,2800,1760,3600,0.9,120,3.0,240,0.35,0.22,0.45,133.3333,21.0,13.2,27.0,10.2,Bajo,3,100.0,0.0,100.0,100.0,100.0,100.0,0.0,0,0.0,0.0,121118.3528,2048.4646,121534.38,122787.6215,122926.8705,3105.1394,9.3333,31685.3333,266.3333
SCN-0064,Media demanda / Lento proveedor / Conservadora,8000,1440,1760,3600,1.8,220,3.0,240,0.18,0.22,0.45,122.2222,11.7818,14.4,29.4545,11.4,Bajo,3,100.0,0.0,100.0,100.0,100.0,100.0,0.0,0,0.0,0.0,121695.453,1726.3459,121426.124,123329.183,123540.634,3158.207,8.0,26525.0,122.3333
SCN-0128,Media demanda / Lento proveedor / Conservadora,8000,2800,1760,3600,1.8,220,3.0,240,0.35,0.22,0.45,122.2222,22.9091,14.4,29.4545,11.4,Bajo,3,100.0,0.0,100.0,100.0,100.0,100.0,0.0,0,0.0,0.0,122806.2717,3805.2146,121405.2875,126542.5595,127113.3675,3170.5446,8.6667,30460.0,139.3333
SCN-0052,Media demanda / Lento proveedor / Conservadora,8000,1440,1760,3600,0.9,120,3.0,240,0.18,0.22,0.45,133.3333,10.8,13.2,27.0,10.2,Bajo,3,100.0,0.0,100.0,100.0,100.0,100.0,0.0,0,0.0,0.0,123736.5377,938.666,123958.733,124485.6267,124544.1705,3168.6075,9.6667,32938.3333,275.3333
SCN-0152,Alta demanda / Lento proveedor / Ajustada,12000,2160,1200,5400,0.9,220,3.0,240,0.18,0.1,0.45,244.4444,8.8364,4.9091,22.0909,1.9091,Bajo,3,99.7467,0.2203,99.6,99.604,99.964,99.7011,0.6667,1,175.3333,66.6667,127588.4043,3162.128,126698.16,130660.0203,131100.227,3181.0853,11.3333,58377.3333,267.0
SCN-0060,Baja demanda / Lento proveedor / Conservadora,8000,1440,1760,3600,1.8,120,3.0,240,0.18,0.22,0.45,66.6667,21.6,26.4,54.0,23.4,Bajo,3,100.0,0.0,100.0,100.0,100.0,100.0,0.0,0,0.0,0.0,128374.0707,6075.6919,130434.197,132880.0775,133151.842,3436.3168,4.6667,14315.3333,120.0
SCN-0088,Alta demanda / Lento proveedor / Ajustada,8000,2800,800,3600,0.9,220,3.0,240,0.35,0.1,0.45,244.4444,11.4545,3.2727,14.7273,0.2727,Medio,3,93.1233,1.9444,91.04,91.28,94.745,92.9108,18.6667,25,4203.6667,100.0,129969.7085,13160.6069,131305.2135,141301.0001,142411.643,1990.9363,15.3333,54964.0,270.6667
SCN-0126,Media demanda / Rapido proveedor / Conservadora,8000,2800,1760,3600,1.8,220,1.0,240,0.35,0.22,0.45,122.2222,22.9091,14.4,29.4545,13.4,Bajo,3,100.0,0.0,100.0,100.0,100.0,100.0,0.0,0,0.0,0.0,130006.0178,2163.6769,130582.76,131698.8716,131822.884,3379.7968,8.3333,28700.0,132.6667
SCN-0148,Media demanda / Lento proveedor / Ajustada,12000,2160,1200,5400,0.9,120,3.0,240,0.18,0.1,0.45,133.3333,16.2,9.0,40.5,6.0,Bajo,3,99.88,0.2078,99.64,99.676,100.0,99.8323,0.3333,1,55.3333,33.3333,130433.2198,2291.8563,129361.801,132694.2805,133064.556,3439.5524,6.0,30975.0,260.0
SCN-0224,Media demanda / Lento proveedor / Ajustada,12000,4200,1200,5400,1.8,220,3.0,240,0.35,0.1,0.45,122.2222,34.3636,9.8182,44.1818,6.8182,Bajo,3,100.0,0.0,100.0,100.0,100.0,100.0,0.0,0,0.0,0.0,130867.0688,3582.6367,132575.7305,133205.5266,133275.504,3487.0482,5.3333,29557.6667,134.3333
SCN-0050,Media demanda / Rapido proveedor / Conservadora,8000,1440,1760,3600,0.9,120,1.0,240,0.18,0.22,0.45,133.3333,10.8,13.2,27.0,12.2,Bajo,3,100.0,0.0,100.0,100.0,100.0,100.0,0.0,0,0.0,0.0,131871.3713,1738.9149,131750.981,133475.7158,133667.353,3403.8344,9.3333,31127.3333,259.6667
SCN-0122,Baja demanda / Rapido proveedor / Conservadora,8000,2800,1760,3600,1.8,120,1.0,240,0.35,0.22,0.45,66.6667,42.0,26.4,54.0,25.4,Bajo,3,100.0,0.0,100.0,100.0,100.0,100.0,0.0,0,0.0,0.0,132591.1477,1745.9746,133510.3165,133667.9974,133685.5175,3553.4578,4.6667,16396.6667,136.3333
SCN-0058,Baja demanda / Rapido proveedor / Conservadora,8000,1440,1760,3600,1.8,120,1.0,240,0.18,0.22,0.45,66.6667,21.6,26.4,54.0,25.4,Bajo,3,100.0,0.0,100.0,100.0,100.0,100.0,0.0,0,0.0,0.0,132757.7125,3747.8903,130846.76,136452.9928,137075.9075,3548.8253,5.0,16336.0,136.3333
SCN-0212,Media demanda / Lento proveedor / Ajustada,12000,4200,1200,5400,0.9,120,3.0,240,0.35,0.1,0.45,133.3333,31.5,9.0,40.5,6.0,Bajo,3,100.0,0.0,100.0,100.0,100.0,100.0,0.0,0,0.0,0.0,132763.201,1606.1618,132009.093,134347.7938,134607.6495,3521.2,6.0,33498.0,280.3333
SCN-0216,Alta demanda / Lento proveedor / Ajustada,12000,4200,1200,5400,0.9,220,3.0,240,0.35,0.1,0.45,244.4444,17.1818,4.9091,22.0909,1.9091,Bajo,3,98.6133,1.1337,97.38,97.527,99.534,98.3681,3.6667,7,962.6667,100.0,132964.9783,5531.4478,131249.2495,138360.8133,139150.987,3132.3235,10.6667,57297.3333,262.0
SCN-0114,Media demanda / Rapido proveedor / Conservadora,8000,2800,1760,3600,0.9,120,1.0,240,0.35,0.22,0.45,133.3333,21.0,13.2,27.0,12.2,Bajo,3,100.0,0.0,100.0,100.0,100.0,100.0,0.0,0,0.0,0.0,133016.5052,2906.2074,131349.249,135869.9787,136372.282,3426.3844,9.6667,33635.0,277.6667
SCN-0062,Media demanda / Rapido proveedor / Conservadora,8000,1440,1760,3600,1.8,220,1.0,240,0.18,0.22,0.45,122.2222,11.7818,14.4,29.4545,13.4,Bajo,3,100.0,0.0,100.0,100.0,100.0,100.0,0.0,0,0.0,0.0,133519.4142,2445.2823,134107.6205,135466.013,135616.9455,3468.1319,8.6667,29743.6667,134.6667
SCN-0222,Media demanda / Rapido proveedor / Ajustada,12000,4200,1200,5400,1.8,220,1.0,240,0.35,0.1,0.45,122.2222,34.3636,9.8182,44.1818,8.8182,Bajo,3,100.0,0.0,100.0,100.0,100.0,100.0,0.0,0,0.0,0.0,136069.9893,2343.2422,136536.053,137984.2637,138145.176,3631.5738,5.3333,30078.3333,137.6667
SCN-0160,Media demanda / Lento proveedor / Ajustada,12000,2160,1200,5400,1.8,220,3.0,240,0.18,0.1,0.45,122.2222,17.6727,9.8182,44.1818,6.8182,Bajo,3,100.0,0.0,100.0,100.0,100.0,100.0,0.0,0,0.0,0.0,136290.1678,3639.8773,138112.4975,138604.3034,138658.9485,3637.6899,5.3333,28296.0,127.3333
SCN-0220,Baja demanda / Lento proveedor / Ajustada,12000,4200,1200,5400,1.8,120,3.0,240,0.35,0.1,0.45,66.6667,63.0,18.0,81.0,15.0,Bajo,3,100.0,0.0,100.0,100.0,100.0,100.0,0.0,0,0.0,0.0,136692.8197,1254.3344,136456.4525,137889.3151,138048.522,3722.9487,2.6667,15687.6667,132.3333
SCN-0054,Alta demanda / Rapido proveedor / Conservadora,8000,1440,1760,3600,0.9,220,1.0,240,0.18,0.22,0.45,244.4444,5.8909,7.2,14.7273,6.2,Bajo,3,100.0,0.0,100.0,100.0,100.0,100.0,0.0,0,0.0,0.0,136852.7017,1350.1141,136212.211,138184.6915,138403.856,3338.501,16.6667,58301.3333,266.6667
SCN-0150,Alta demanda / Rapido proveedor / Ajustada,12000,2160,1200,5400,0.9,220,1.0,240,0.18,0.1,0.45,244.4444,8.8364,4.9091,22.0909,3.9091,Bajo,3,100.0,0.0,100.0,100.0,100.0,100.0,0.0,0,0.0,0.0,136926.9603,3736.6023,137529.646,140045.9929,140325.587,3516.4896,10.3333,54812.3333,251.6667
SCN-0118,Alta demanda / Rapido proveedor / Conservadora,8000,2800,1760,3600,0.9,220,1.0,240,0.35,0.22,0.45,244.4444,11.4545,7.2,14.7273,6.2,Bajo,3,100.0,0.0,100.0,100.0,100.0,100.0,0.0,0,0.0,0.0,137142.6433,1753.4503,136211.029,138869.8378,139165.261,3355.8142,16.3333,57412.0,262.0
SCN-0146,Media demanda / Rapido proveedor / Ajustada,12000,2160,1200,5400,0.9,120,1.0,240,0.18,0.1,0.45,133.3333,16.2,9.0,40.5,8.0,Bajo,3,100.0,0.0,100.0,100.0,100.0,100.0,0.0,0,0.0,0.0,137155.097,4566.1827,135651.8775,141620.2302,142283.3805,3643.1971,6.0,30826.6667,259.6667
SCN-0214,Alta demanda / Rapido proveedor / Ajustada,12000,4200,1200,5400,0.9,220,1.0,240,0.35,0.1,0.45,244.4444,17.1818,4.9091,22.0909,3.9091,Bajo,3,99.8833,0.2021,99.65,99.685,100.0,99.8804,0.3333,1,75.0,33.3333,138149.7515,5409.4959,135928.7635,143477.4901,144316.2375,3529.1598,10.3333,56604.0,259.3333
SCN-0168,Alta demanda / Lento proveedor / Ajustada,12000,2160,2640,2640,0.9,220,3.0,240,0.18,0.22,0.22,244.4444,8.8364,10.8,10.8,7.8,Bajo,3,100.0,0.0,100.0,100.0,100.0,100.0,0.0,0,0.0,0.0,138745.9967,2737.4047,137287.817,141442.2053,141903.804,3224.4259,22.6667,57788.6667,263.6667
SCN-0240,Media demanda / Lento proveedor / Ajustada,12000,4200,2640,2640,1.8,220,3.0,240,0.35,0.22,0.22,122.2222,34.3636,21.6,21.6,18.6,Bajo,3,100.0,0.0,100.0,100.0,100.0,100.0,0.0,0,0.0,0.0,138882.487,793.5732,138798.9635,139622.963,139714.5185,3552.2913,11.0,29742.6667,134.6667
SCN-0172,Baja demanda / Lento proveedor / Ajustada,12000,2160,2640,2640,1.8,120,3.0,240,0.18,0.22,0.22,66.6667,32.4,39.6,39.6,36.6,Bajo,3,100.0,0.0,100.0,100.0,100.0,100.0,0.0,0,0.0,0.0,139649.761,442.1381,139877.6,139926.1185,139931.5095,3684.7156,7.0,15845.0,132.6667
SCN-0008,Alta demanda / Lento proveedor / Ajustada,8000,1440,800,1760,0.9,220,3.0,240,0.18,0.1,0.22,244.4444,5.8909,3.2727,7.2,0.2727,Medio,3,88.4433,2.2109,86.64,86.754,90.597,88.1363,31.3333,37,7012.3333,100.0,139707.891,16591.5302,139883.014,154578.3512,156211.1665,1063.2192,29.6667,51799.3333,270.3333
SCN-0164,Media demanda / Lento proveedor / Ajustada,12000,2160,2640,2640,0.9,120,3.0,240,0.18,0.22,0.22,133.3333,16.2,19.8,19.8,16.8,Bajo,3,100.0,0.0,100.0,100.0,100.0,100.0,0.0,0,0.0,0.0,139727.9915,678.8833,139832.9045,140296.7703,140348.311,3520.222,13.0,32404.3333,271.0
SCN-0156,Baja demanda / Lento proveedor / Ajustada,12000,2160,1200,5400,1.8,120,3.0,240,0.18,0.1,0.45,66.6667,32.4,18.0,81.0,15.0,Bajo,3,100.0,0.0,100.0,100.0,100.0,100.0,0.0,0,0.0,0.0,139899.0578,4846.2981,139373.3415,144425.437,144986.781,3793.4923,3.3333,16632.0,138.6667
SCN-0218,Baja demanda / Rapido proveedor / Ajustada,12000,4200,1200,5400,1.8,120,1.0,240,0.35,0.1,0.45,66.6667,63.0,18.0,81.0,17.0,Bajo,3,100.0,0.0,100.0,100.0,100.0,100.0,0.0,0,0.0,0.0,140021.8955,2320.0483,139258.188,142290.5931,142627.527,3806.1638,3.0,15269.3333,128.6667
SCN-0228,Media demanda / Lento proveedor / Ajustada,12000,4200,2640,2640,0.9,120,3.0,240,0.35,0.22,0.22,133.3333,31.5,19.8,19.8,16.8,Bajo,3,100.0,0.0,100.0,100.0,100.0,100.0,0.0,0,0.0,0.0,140368.1435,1721.5121,139483.7975,142065.2572,142352.086,3538.004,13.0,33573.0,282.0
SCN-0232,Alta demanda / Lento proveedor / Ajustada,12000,4200,2640,2640,0.9,220,3.0,240,0.35,0.22,0.22,244.4444,17.1818,10.8,10.8,7.8,Bajo,3,100.0,0.0,100.0,100.0,100.0,100.0,0.0,0,0.0,0.0,141415.8022,2192.1551,141886.96,143189.3581,143334.069,3354.1426,20.6667,54861.0,250.6667
SCN-0154,Baja demanda / Rapido proveedor / Ajustada,12000,2160,1200,5400,1.8,120,1.0,240,0.18,0.1,0.45,66.6667,32.4,18.0,81.0,17.0,Bajo,3,100.0,0.0,100.0,100.0,100.0,100.0,0.0,0,0.0,0.0,141493.8545,6689.7582,141663.1965,147453.9202,148097.334,3847.0515,3.0,15423.3333,129.0
SCN-0176,Media demanda / Lento proveedor / Ajustada,12000,2160,2640,2640,1.8,220,3.0,240,0.18,0.22,0.22,122.2222,17.6727,21.6,21.6,18.6,Bajo,3,100.0,0.0,100.0,100.0,100.0,100.0,0.0,0,0.0,0.0,142035.505,1037.7744,142146.083,142926.8146,143013.5625,3612.0974,12.0,29237.6667,135.3333
SCN-0072,Alta demanda / Lento proveedor / Ajustada,8000,2800,800,1760,0.9,220,3.0,240,0.35,0.1,0.22,244.4444,11.4545,3.2727,7.2,0.2727,Medio,3,88.1233,0.9166,87.36,87.411,89.013,87.6321,31.6667,33,7294.3333,100.0,142590.211,3681.2036,143291.9035,145612.2484,145870.0645,1094.5059,29.0,51695.6667,266.6667
SCN-0236,Baja demanda / Lento proveedor / Ajustada,12000,4200,2640,2640,1.8,120,3.0,240,0.35,0.22,0.22,66.6667,63.0,39.6,39.6,36.6,Bajo,3,100.0,0.0,100.0,100.0,100.0,100.0,0.0,0,0.0,0.0,142960.2002,1384.0767,142846.9365,144242.3793,144397.4285,3813.7093,5.6667,14874.0,122.0
SCN-0158,Media demanda / Rapido proveedor / Ajustada,12000,2160,1200,5400,1.8,220,1.0,240,0.18,0.1,0.45,122.2222,17.6727,9.8182,44.1818,8.8182,Bajo,3,100.0,0.0,100.0,100.0,100.0,100.0,0.0,0,0.0,0.0,143227.67,6433.9454,140448.8505,149570.4954,150584.0115,3811.8797,6.0,30141.3333,137.6667
SCN-0210,Media demanda / Rapido proveedor / Ajustada,12000,4200,1200,5400,0.9,120,1.0,240,0.35,0.1,0.45,133.3333,31.5,9.0,40.5,8.0,Bajo,3,100.0,0.0,100.0,100.0,100.0,100.0,0.0,0,0.0,0.0,143254.2637,2507.9698,141878.178,145721.9601,146149.047,3821.8777,5.6667,32757.0,277.0
SCN-0226,Media demanda / Rapido proveedor / Ajustada,12000,4200,2640,2640,0.9,120,1.0,240,0.35,0.22,0.22,133.3333,31.5,19.8,19.8,18.8,Bajo,3,100.0,0.0,100.0,100.0,100.0,100.0,0.0,0,0.0,0.0,147136.0838,867.9643,147337.8615,147830.6344,147885.387,3744.5208,12.3333,32860.0,269.0
SCN-0170,Baja demanda / Rapido proveedor / Ajustada,12000,2160,2640,2640,1.8,120,1.0,240,0.18,0.22,0.22,66.6667,32.4,39.6,39.6,38.6,Bajo,3,100.0,0.0,100.0,100.0,100.0,100.0,0.0,0,0.0,0.0,147248.3715,865.3766,147128.959,148063.4236,148167.253,3895.7881,7.0,17139.3333,141.6667
SCN-0234,Baja demanda / Rapido proveedor / Ajustada,12000,4200,2640,2640,1.8,120,1.0,240,0.35,0.22,0.22,66.6667,63.0,39.6,39.6,38.6,Bajo,3,100.0,0.0,100.0,100.0,100.0,100.0,0.0,0,0.0,0.0,147930.6828,920.2815,148137.637,148670.6431,148729.866,3933.2597,6.3333,16515.0,136.3333
SCN-0162,Media demanda / Rapido proveedor / Ajustada,12000,2160,2640,2640,0.9,120,1.0,240,0.18,0.22,0.22,133.3333,16.2,19.8,19.8,18.8,Bajo,3,100.0,0.0,100.0,100.0,100.0,100.0,0.0,0,0.0,0.0,148585.6527,2578.2385,149182.072,150650.2793,150813.4135,3775.5274,12.6667,31864.0,264.6667
SCN-0174,Media demanda / Rapido proveedor / Ajustada,12000,2160,2640,2640,1.8,220,1.0,240,0.18,0.22,0.22,122.2222,17.6727,21.6,21.6,20.6,Bajo,3,100.0,0.0,100.0,100.0,100.0,100.0,0.0,0,0.0,0.0,149746.7623,1884.5681,149086.2145,151594.0379,151872.685,3844.8175,11.3333,28201.6667,128.3333
SCN-0238,Media demanda / Rapido proveedor / Ajustada,12000,4200,2640,2640,1.8,220,1.0,240,0.35,0.22,0.22,122.2222,34.3636,21.6,21.6,20.6,Bajo,3,100.0,0.0,100.0,100.0,100.0,100.0,0.0,0,0.0,0.0,150708.415,1456.3157,149962.805,152144.1818,152386.557,3880.7893,11.0,28821.6667,133.3333
SCN-0230,Alta demanda / Rapido proveedor / Ajustada,12000,4200,2640,2640,0.9,220,1.0,240,0.35,0.22,0.22,244.4444,17.1818,10.8,10.8,9.8,Bajo,3,100.0,0.0,100.0,100.0,100.0,100.0,0.0,0,0.0,0.0,156357.3647,107.6206,156334.7015,156460.5309,156474.512,3713.6305,22.6667,60144.3333,273.0
SCN-0166,Alta demanda / Rapido proveedor / Ajustada,12000,2160,2640,2640,0.9,220,1.0,240,0.18,0.22,0.22,244.4444,8.8364,10.8,10.8,9.8,Bajo,3,100.0,0.0,100.0,100.0,100.0,100.0,0.0,0,0.0,0.0,156498.7705,1101.4251,156765.2965,157374.7576,157442.4755,3708.2992,23.0,59073.6667,266.6667
SCN-0248,Alta demanda / Lento proveedor / Conservadora,12000,4200,2640,5400,0.9,220,3.0,240,0.35,0.22,0.45,244.4444,17.1818,10.8,22.0909,7.8,Bajo,3,100.0,0.0,100.0,100.0,100.0,100.0,0.0,0,0.0,0.0,174952.5393,3512.8047,176409.074,177393.418,177502.7895,4544.9779,11.3333,59462.0,271.3333
SCN-0184,Alta demanda / Lento proveedor / Conservadora,12000,2160,2640,5400,0.9,220,3.0,240,0.18,0.22,0.45,244.4444,8.8364,10.8,22.0909,7.8,Bajo,3,100.0,0.0,100.0,100.0,100.0,100.0,0.0,0,0.0,0.0,177389.1202,5640.1412,174516.455,182950.1926,183887.2745,4603.4015,11.6667,58983.3333,268.3333
SCN-0256,Media demanda / Lento proveedor / Conservadora,12000,4200,2640,5400,1.8,220,3.0,240,0.35,0.22,0.45,122.2222,34.3636,21.6,44.1818,18.6,Bajo,3,100.0,0.0,100.0,100.0,100.0,100.0,0.0,0,0.0,0.0,179297.6513,8874.5536,181055.0925,186551.3088,187161.9995,4832.3422,5.3333,28536.0,130.0
SCN-0180,Media demanda / Lento proveedor / Conservadora,12000,2160,2640,5400,0.9,120,3.0,240,0.18,0.22,0.45,133.3333,16.2,19.8,40.5,16.8,Bajo,3,100.0,0.0,100.0,100.0,100.0,100.0,0.0,0,0.0,0.0,182185.3147,1783.7149,181498.449,183939.1635,184210.354,4875.518,6.6667,31423.0,263.3333
SCN-0188,Baja demanda / Lento proveedor / Conservadora,12000,2160,2640,5400,1.8,120,3.0,240,0.18,0.22,0.45,66.6667,32.4,39.6,81.0,36.6,Bajo,3,100.0,0.0,100.0,100.0,100.0,100.0,0.0,0,0.0,0.0,183750.4665,3432.8022,182630.2495,187106.1218,187603.441,4993.0685,4.0,16759.0,138.0
SCN-0244,Media demanda / Lento proveedor / Conservadora,12000,4200,2640,5400,0.9,120,3.0,240,0.35,0.22,0.45,133.3333,31.5,19.8,40.5,16.8,Bajo,3,100.0,0.0,100.0,100.0,100.0,100.0,0.0,0,0.0,0.0,184401.263,7460.9747,182487.9285,191618.1135,192632.5785,4955.5907,6.0,31959.0,267.3333
SCN-0192,Media demanda / Lento proveedor / Conservadora,12000,2160,2640,5400,1.8,220,3.0,240,0.18,0.22,0.45,122.2222,17.6727,21.6,44.1818,18.6,Bajo,3,100.0,0.0,100.0,100.0,100.0,100.0,0.0,0,0.0,0.0,186745.7045,5262.5705,184183.6335,191937.183,192798.6885,5020.714,6.0,29750.0,137.6667
SCN-0252,Baja demanda / Lento proveedor / Conservadora,12000,4200,2640,5400,1.8,120,3.0,240,0.35,0.22,0.45,66.6667,63.0,39.6,81.0,36.6,Bajo,3,100.0,0.0,100.0,100.0,100.0,100.0,0.0,0,0.0,0.0,189700.3963,4532.7692,188271.3895,194125.0494,194775.456,5176.8629,3.3333,16962.0,141.3333
SCN-0186,Baja demanda / Rapido proveedor / Conservadora,12000,2160,2640,5400,1.8,120,1.0,240,0.18,0.22,0.45,66.6667,32.4,39.6,81.0,38.6,Bajo,3,100.0,0.0,100.0,100.0,100.0,100.0,0.0,0,0.0,0.0,190657.3385,6819.5017,187223.274,197382.4317,198511.227,5212.7039,3.0,14614.3333,121.6667
SCN-0250,Baja demanda / Rapido proveedor / Conservadora,12000,4200,2640,5400,1.8,120,1.0,240,0.35,0.22,0.45,66.6667,63.0,39.6,81.0,38.6,Bajo,3,100.0,0.0,100.0,100.0,100.0,100.0,0.0,0,0.0,0.0,190722.6803,4124.0382,191301.2265,194204.3295,194526.8965,5205.2596,3.3333,15933.3333,134.0
SCN-0242,Media demanda / Rapido proveedor / Conservadora,12000,4200,2640,5400,0.9,120,1.0,240,0.35,0.22,0.45,133.3333,31.5,19.8,40.5,18.8,Bajo,3,100.0,0.0,100.0,100.0,100.0,100.0,0.0,0,0.0,0.0,191623.9203,4247.5354,189502.092,195813.0949,196514.3175,5146.9607,6.3333,32163.6667,269.3333
SCN-0178,Media demanda / Rapido proveedor / Conservadora,12000,2160,2640,5400,0.9,120,1.0,240,0.18,0.22,0.45,133.3333,16.2,19.8,40.5,18.8,Bajo,3,100.0,0.0,100.0,100.0,100.0,100.0,0.0,0,0.0,0.0,193770.2385,2993.1283,193152.5275,196636.8789,197024.029,5188.0622,7.0,32397.6667,271.6667
SCN-0182,Alta demanda / Rapido proveedor / Conservadora,12000,2160,2640,5400,0.9,220,1.0,240,0.18,0.22,0.45,244.4444,8.8364,10.8,22.0909,9.8,Bajo,3,100.0,0.0,100.0,100.0,100.0,100.0,0.0,0,0.0,0.0,194516.5392,1872.761,195530.43,195650.4234,195663.756,5079.1631,11.6667,60675.6667,274.6667
SCN-0246,Alta demanda / Rapido proveedor / Conservadora,12000,4200,2640,5400,0.9,220,1.0,240,0.35,0.22,0.45,244.4444,17.1818,10.8,22.0909,9.8,Bajo,3,100.0,0.0,100.0,100.0,100.0,100.0,0.0,0,0.0,0.0,196904.9,4070.7294,198858.7945,199553.172,199630.325,5164.025,11.0,57004.3333,258.3333
SCN-0254,Media demanda / Rapido proveedor / Conservadora,12000,4200,2640,5400,1.8,220,1.0,240,0.35,0.22,0.45,122.2222,34.3636,21.6,44.1818,20.6,Bajo,3,100.0,0.0,100.0,100.0,100.0,100.0,0.0,0,0.0,0.0,197534.2808,1968.4414,197727.425,199231.8699,199399.0305,5338.9152,5.3333,27834.0,127.0
SCN-0190,Media demanda / Rapido proveedor / Conservadora,12000,2160,2640,5400,1.8,220,1.0,240,0.18,0.22,0.45,122.2222,17.6727,21.6,44.1818,20.6,Bajo,3,100.0,0.0,100.0,100.0,100.0,100.0,0.0,0,0.0,0.0,198273.1703,5141.9683,199446.91,202398.8069,202726.7955,5331.6621,6.3333,28746.0,132.3333
